event_date,entry_date,exit_date,entry_price,exit_price,gross_return,transaction_cost,net_return,equity
2007-10-18,2007-10-19,2007-10-26,5360.35009765625,5702.2998046875,0.06379242042059219,0.001,0.06279242042059219,1.062792420420592
2007-11-20,2007-11-21,2007-11-28,5778.7998046875,5617.5498046875,-0.02790371797777136,0.001,-0.02890371797777136,1.0320737680318424
2007-12-17,2007-12-18,2007-12-27,5777.60009765625,6081.5,0.052599677583609505,0.001,0.051599677583609505,1.0853284417047866
2008-01-15,2008-01-16,2008-01-23,6065.0,5203.39990234375,-0.14206102187242375,0.001,-0.14306102187242375,0.9300602457672945
2008-01-24,2008-01-25,2008-02-01,5035.0498046875,5317.25,0.05604715072525779,0.001,0.05504715072525779,0.9812574122996169
2008-02-06,2008-02-07,2008-02-14,5322.5498046875,5202.0,-0.022648882417470872,0.001,-0.023648882417470873,0.9580517711348716
2008-02-20,2008-02-21,2008-02-28,5156.89990234375,5285.10009765625,0.024859934794203564,0.001,0.023859934794203563,0.980910823923621
2008-03-03,2008-03-04,2008-03-12,4958.5498046875,4872.0,-0.017454660756998197,0.001,-0.018454660756998198,0.962808447435243
2008-03-13,2008-03-14,2008-03-25,4623.7998046875,4877.5,0.05486833470932395,0.001,0.05386833470932395,1.0146733351426491
2008-03-31,2008-04-01,2008-04-08,4735.64990234375,4709.64990234375,-0.005490270720209356,0.001,-0.006490270720209356,1.0080878305049956
2008-06-02,2008-06-03,2008-06-10,4739.2998046875,4449.7998046875,-0.06108497287166015,0.001,-0.06208497287166015,0.9455007248958422
2008-06-20,2008-06-23,2008-06-30,4351.14990234375,4040.550048828125,-0.07138339530622018,0.001,-0.07238339530622018,0.8770621721633888
2008-06-30,2008-07-01,2008-07-08,4039.75,3988.550048828125,-0.012674039525187197,0.001,-0.013674039525187198,0.8650691893551801
2008-07-11,2008-07-14,2008-07-21,4047.449951171875,4159.5,0.027684109792557754,0.001,0.026684109792557753,0.8881527905820925
2008-07-25,2008-07-28,2008-08-04,4282.25,4395.35009765625,0.02641137197880794,0.001,0.02541137197880794,0.9107219715175903
2008-08-14,2008-08-18,2008-08-25,4430.7001953125,4335.35009765625,-0.02152032262465564,0.001,-0.022520322624655642,0.8902122188976517
2008-09-05,2008-09-08,2008-09-15,4358.2998046875,4072.89990234375,-0.06548422897314055,0.001,-0.06648422897314055,0.8310271459017727
2008-09-15,2008-09-16,2008-09-23,4072.550048828125,4126.89990234375,0.013345410827121595,0.001,0.012345410827121595,0.8412865174264204
2008-09-23,2008-09-24,2008-10-01,4125.75,3950.75,-0.042416530327819224,0.001,-0.043416530327819225,0.8047607758281907
2008-10-03,2008-10-06,2008-10-14,3817.300048828125,3518.64990234375,-0.07823596328930382,0.001,-0.07923596328930382,0.7409947805379965
2008-10-15,2008-10-16,2008-10-23,3333.85009765625,2943.14990234375,-0.1171918904173791,0.001,-0.1181918904173791,0.6534152066367998
2008-10-23,2008-10-24,2008-11-04,2936.25,3142.10009765625,0.07010646152618127,0.001,0.06910646152618127,0.6985704194748676
2008-11-05,2008-11-06,2008-11-14,2998.449951171875,2810.35009765625,-0.06273236391426529,0.001,-0.06373236391426529,0.6540488752811544
2008-11-18,2008-11-19,2008-11-26,2682.75,2752.25,0.025906252912123673,0.001,0.024906252912123672,0.670338781985797
2008-12-01,2008-12-02,2008-12-10,2672.89990234375,2928.25,0.0955329817747177,0.001,0.0945329817747177,0.7337079058461468
2008-12-17,2008-12-18,2008-12-26,2955.35009765625,2857.25,-0.03319406987823492,0.001,-0.03419406987823492,0.7086194464434302
2008-12-26,2008-12-29,2009-01-06,2857.14990234375,3112.800048828125,0.0894773306345118,0.001,0.0884773306345118,0.7713162035004504
2009-01-07,2009-01-09,2009-01-16,2919.949951171875,2828.449951171875,-0.0313361535403297,0.001,-0.032336153540329704,0.7463748043159156
2009-01-21,2009-01-22,2009-01-30,2714.699951171875,2874.800048828125,0.05897524608093008,0.001,0.057975246080930076,0.789646067264737
2009-02-02,2009-02-03,2009-02-10,2773.5,2934.5,0.058049396069947745,0.001,0.057049396069947744,0.8346948985111995
2009-02-16,2009-02-17,2009-02-25,2853.85009765625,2762.5,-0.03200942394671402,0.001,-0.03300942394671402,0.8071421007400839
2009-03-02,2009-03-03,2009-03-12,2672.14990234375,2617.449951171875,-0.020470390199254007,0.001,-0.021470390199254008,0.7898124448909487
2009-03-30,2009-03-31,2009-04-09,2981.699951171875,3342.050048828125,0.12085391003699897,0.001,0.11985391003699897,0.8844745546070107
2009-04-16,2009-04-17,2009-04-24,3369.5,3480.75,0.0330167680664788,0.001,0.032016768066478796,0.9127925712825656
2009-04-28,2009-04-29,2009-05-08,3371.64990234375,3620.699951171875,0.07386592797045788,0.001,0.07286592797045788,0.9793040490336102
2009-05-26,2009-05-27,2009-06-03,4117.2998046875,4530.7001953125,0.10040570525234727,0.001,0.09940570525234727,1.0766524586842754
2009-06-08,2009-06-09,2009-06-16,4427.75,4517.7998046875,0.02033759916153799,0.001,0.01933759916153799,1.097472332366596
2009-06-17,2009-06-18,2009-06-25,4352.9501953125,4241.85009765625,-0.025522942526631454,0.001,-0.026522942526631454,1.0683641367706687
2009-06-30,2009-07-01,2009-07-08,4292.2998046875,4078.89990234375,-0.0497169144873576,0.001,-0.0507169144873576,1.014180004204711
2009-07-08,2009-07-09,2009-07-16,4078.75,4231.39990234375,0.03742565794514241,0.001,0.03642565794514241,1.051122178132675
2009-08-06,2009-08-07,2009-08-14,4591.89990234375,4580.0498046875,-0.00258065243325567,0.001,-0.00358065243325567,1.0473584749478952
2009-08-17,2009-08-18,2009-08-25,4389.5,4659.35009765625,0.06147627239007858,0.001,0.06047627239007858,1.1106988113689014
2009-10-27,2009-10-28,2009-11-05,4846.5498046875,4765.5498046875,-0.016712920172956447,0.001,-0.017712920172956448,1.0910250919869264
2009-11-26,2009-11-27,2009-12-04,5005.0498046875,5108.89990234375,0.020749063787335098,0.001,0.019749063787335097,1.1125718161221592
2010-01-21,2010-01-22,2010-02-01,5094.14990234375,4899.7001953125,-0.03817117885396071,0.001,-0.03917117885396071,1.0689910665249622
2010-02-05,2010-02-08,2010-02-16,4755.35009765625,4855.75,0.02111304116036239,0.001,0.020113041160362388,1.0904917278460386
2010-05-19,2010-05-20,2010-05-27,4924.2998046875,5003.10009765625,0.01600233456414224,0.001,0.015002334564142239,1.1068516495866143
2010-06-01,2010-06-02,2010-06-09,4970.75,5000.2998046875,0.005944737652768595,0.001,0.004944737652768595,1.1123247406143544
2010-11-16,2010-11-18,2010-11-25,6075.9501953125,5799.75,-0.04545794261539271,0.001,-0.04645794261539271,1.0606484216452112
2010-12-09,2010-12-10,2010-12-20,5761.0,5947.0498046875,0.03229470659390721,0.001,0.03129470659390721,1.093841102799889
2011-01-07,2011-01-10,2011-01-17,5901.2998046875,5654.75,-0.04177889835247173,0.001,-0.04277889835247173,1.047047785449457
2011-02-04,2011-02-07,2011-02-14,5430.14990234375,5456.0,0.004760475883933246,0.001,0.003760475883933246,1.0509851833959656
2011-02-24,2011-02-25,2011-03-07,5321.0498046875,5463.14990234375,0.026705274874719187,0.001,0.025705274874719186,1.078001046424416
2011-05-03,2011-05-04,2011-05-11,5567.7001953125,5565.0498046875,-0.0004760296948516096,0.001,-0.0014760296948516096,1.0764098848688126
2011-06-20,2011-06-21,2011-06-28,5280.7998046875,5545.2998046875,0.05008710986642906,0.001,0.04908710986642906,1.129247735148678
2011-08-05,2011-08-08,2011-08-16,5083.85009765625,5035.7998046875,-0.009451555818080104,0.001,-0.010451555818080105,1.1174453394123312
2011-08-18,2011-08-19,2011-08-26,4859.2998046875,4747.7998046875,-0.022945692688572605,0.001,-0.023945692688572606,1.0906873367184857
2011-09-12,2011-09-13,2011-09-20,4977.7998046875,5140.2001953125,0.03262493410684586,0.001,0.03162493410684586,1.1251802518733791
2011-09-22,2011-09-23,2011-09-30,4873.75,4943.25,0.014260066683765116,0.001,0.013260066683765115,1.1401002170444756
2011-11-21,2011-11-22,2011-11-30,4794.85009765625,4832.0498046875,0.007758262776438762,0.001,0.006758262776438762,1.147805313902737
2011-12-08,2011-12-09,2011-12-16,4870.75,4651.60009765625,-0.04499305083277727,0.001,-0.04599305083277727,1.0950142457542766
2012-01-30,2012-01-31,2012-02-07,5125.25,5335.14990234375,0.040954080746061106,0.001,0.039954080746061105,1.1387645333472303
2012-02-27,2012-02-28,2012-03-06,5310.5,5222.39990234375,-0.016589793363383842,0.001,-0.017589793363383843,1.1187339005161023
2012-03-22,2012-03-23,2012-03-30,5255.64990234375,5295.5498046875,0.00759181130500286,0.001,0.00659181130500286,1.1261083832888144
2012-05-08,2012-05-09,2012-05-16,4967.89990234375,4858.25,-0.022071681092451056,0.001,-0.023071681092451057,1.1001271697940391
2013-05-23,2013-05-24,2013-05-31,6010.7001953125,5985.9501953125,-0.00411765671149289,0.001,-0.00511765671149289,1.094497096600047
2013-05-31,2013-06-03,2013-06-10,5997.35009765625,5878.0,-0.019900471993938074,0.001,-0.020900471993938075,1.071621590685111
2013-06-20,2013-06-21,2013-06-28,5639.89990234375,5842.2001953125,0.03586948287587166,0.001,0.03486948287587166,1.1089884813909199
2013-08-06,2013-08-07,2013-08-16,5549.2998046875,5507.85009765625,-0.007469358025356199,0.001,-0.0084693580253562,1.099596060896024
2013-08-16,2013-08-19,2013-08-26,5497.5498046875,5476.5,-0.0038289429719312595,0.001,-0.0048289429719312596,1.0942861742257968
2013-08-27,2013-08-28,2013-09-04,5233.4501953125,5448.10009765625,0.04101498902884515,0.001,0.04001498902884515,1.1380740234818592
2013-09-23,2013-09-24,2013-10-01,5855.0,5780.0498046875,-0.012801058123398823,0.001,-0.013801058123398824,1.1223673977350557
2013-11-21,2013-11-22,2013-11-29,6027.35009765625,6176.10009765625,0.024679170380005333,0.001,0.023679170380005332,1.1489441265749871
2014-01-27,2014-01-28,2014-02-04,6131.85009765625,6000.89990234375,-0.02135573982190997,0.001,-0.02235573982190997,1.1232586306113652
2014-07-08,2014-07-09,2014-07-16,7637.9501953125,7624.39990234375,-0.0017740745386197743,0.001,-0.0027740745386197743,1.1201426274439013
2015-01-06,2015-01-07,2015-01-14,8118.64990234375,8277.5498046875,0.019572207726050284,0.001,0.018572207726050283,1.1409461490035933
2015-03-09,2015-03-10,2015-03-17,8769.75,8723.2998046875,-0.005296638480287386,0.001,-0.006296638480287386,1.1337620235778416
2015-03-26,2015-03-27,2015-04-07,8396.0,8660.2998046875,0.03147925258307538,0.001,0.030479252583075378,1.1683182426635694
2015-05-06,2015-05-07,2015-05-14,8077.0,8224.2001953125,0.018224612518571215,0.001,0.017224612518571214,1.1884420716918274
2015-06-02,2015-06-03,2015-06-10,8232.4501953125,8124.4501953125,-0.013118816079992102,0.001,-0.014118816079992103,1.1716626766598857
2015-08-24,2015-08-25,2015-09-01,7895.39990234375,7785.85009765625,-0.013875143253349376,0.001,-0.014875143253349377,1.154234026499967
2015-09-01,2015-09-02,2015-09-09,7856.64990234375,7818.60009765625,-0.004843006263541061,0.001,-0.005843006263541061,1.1474898298535356
2015-09-22,2015-09-23,2015-10-01,7737.35009765625,7950.89990234375,0.02759986325966901,0.001,0.02659986325966901,1.1780129024195007
2016-01-07,2016-01-08,2016-01-15,7611.64990234375,7437.7998046875,-0.022840001824403267,0.001,-0.023840001824403267,1.1499290726766493
2016-02-11,2016-02-12,2016-02-19,7023.64990234375,7210.75,0.026638585387608105,0.001,0.025638585387608104,1.1794116273961626
2016-04-05,2016-04-06,2016-04-13,7636.0498046875,7850.4501953125,0.02807739552633448,0.001,0.02707739552633448,1.2113470225195264
2016-06-24,2016-06-27,2016-07-04,8039.35009765625,8370.7001953125,0.0412160303545992,0.001,0.0402160303545992,1.2600625911471253
2016-11-11,2016-11-15,2016-11-22,8284.849609375,8002.2998046875,-0.034104397546066645,0.001,-0.035104397546066646,1.2158288530145698
2018-02-02,2018-02-05,2018-02-12,10604.2998046875,10539.75,-0.006087135018473022,0.001,-0.007087135018473022,1.2072121097739004
2018-10-04,2018-10-05,2018-10-12,10514.099609375,10472.5,-0.003956554619085728,0.001,-0.004956554619085728,1.2012284970149842
2019-07-08,2019-07-09,2019-07-16,11531.599609375,11662.599609375,0.011360089184287991,0.001,0.01036008918428799,1.2136733313747676
2019-09-03,2019-09-04,2019-09-12,10790.400390625,10982.7998046875,0.017830609346958237,0.001,0.016830609346958236,1.2341001930899578
2020-02-03,2020-02-04,2020-02-11,11786.25,12107.900390625,0.027290307826916882,0.001,0.02629030782691688,1.2665450670555503
2020-02-24,2020-02-25,2020-03-03,11877.5,11303.2998046875,-0.04834352307408962,0.001,-0.049343523074089624,1.2040492713149202
2020-03-06,2020-03-09,2020-03-17,10742.0498046875,8967.0498046875,-0.16523848169326538,0.001,-0.16623848169326538,1.0038899485676454
2020-03-17,2020-03-18,2020-03-25,9088.4501953125,8317.849609375,-0.08478899805546036,0.001,-0.08578899805546036,0.9177672357220794
2020-03-30,2020-03-31,2020-04-09,8529.349609375,9111.900390625,0.06829955482299521,0.001,0.06729955482299521,0.9795325621173063
2020-04-21,2020-04-22,2020-04-29,9026.75,9553.349609375,0.05833767517378896,0.001,0.05733767517378896,1.0356966819861375
2020-05-04,2020-05-05,2020-05-12,9429.400390625,9196.5498046875,-0.02469410315517062,0.001,-0.025694103155170622,1.0090853846017178
2020-05-14,2020-05-15,2020-05-22,9182.400390625,9039.25,-0.01558964808059915,0.001,-0.01658964808059915,0.9923450131878992
2020-06-11,2020-06-12,2020-06-19,9544.9501953125,10244.400390625,0.07327960659826149,0.001,0.07227960659826149,1.0640713203508672
2020-08-31,2020-09-01,2020-09-08,11464.2998046875,11317.349609375,-0.012818069818133604,0.001,-0.013818069818133605,1.0493679085547853
2020-09-21,2020-09-22,2020-09-29,11301.75,11222.400390625,-0.0070210020019023656,0.001,-0.008021002001902366,1.0409509264595354
2020-10-15,2020-10-16,2020-10-23,11727.400390625,11930.349609375,0.01730555894657093,0.001,0.01630555894657093,1.0579242131514088
2020-12-21,2020-12-22,2020-12-30,13373.650390625,13981.9501953125,0.04548494890474486,0.001,0.04448494890474486,1.1049859177185415
2021-02-22,2021-02-23,2021-03-02,14782.25,14919.099609375,0.009257698210691778,0.001,0.008257698210691777,1.1141105579541257
2021-04-12,2021-04-13,2021-04-22,14364.900390625,14406.150390625,0.002871582738361411,0.001,0.0018715827383614112,1.116195708043019
2021-11-26,2021-11-29,2021-12-06,17055.80078125,16912.25,-0.008416537170615301,0.001,-0.009416537170615302,1.1056850096685507
2021-12-20,2021-12-21,2021-12-28,16773.150390625,17233.25,0.027430721042849715,0.001,0.026430721042849714,1.1349090617203608
2022-01-24,2022-01-25,2022-02-02,17001.55078125,17780.0,0.04578695371768715,0.001,0.04478695371768715,1.1857381813414145
2022-02-14,2022-02-15,2022-02-22,16933.25,17092.19921875,0.009386811081747437,0.001,0.008386811081747436,1.1956827434607395
2022-02-24,2022-02-25,2022-03-07,16515.650390625,15863.150390625,-0.03950798088886576,0.001,-0.04050798088886576,1.1472480497394852
2022-03-07,2022-03-08,2022-03-15,15747.75,16663.0,0.05811941388452313,0.001,0.05711941388452313,1.212778185920767
2022-05-04,2022-05-05,2022-05-12,16854.75,15808.0,-0.06210415461516783,0.001,-0.06310415461516783,1.1362468437625202
2022-05-12,2022-05-13,2022-05-20,15977.0,16266.150390625,0.01809791516711523,0.001,0.01709791516711523,1.155674295906074
2022-06-13,2022-06-14,2022-06-21,15674.25,15638.7998046875,-0.0022616836730624534,0.001,-0.0032616836730624535,1.1519048519237391
2024-01-17,2024-01-18,2024-01-29,21414.19921875,21737.599609375,0.01510214728654602,0.001,0.014102147286546018,1.1681491838056546
2024-06-04,2024-06-05,2024-06-12,22128.349609375,23322.94921875,0.0539850296322546,0.001,0.0529850296322546,1.230043602924491
2024-08-05,2024-08-06,2024-08-13,24189.849609375,24139.0,-0.0021021052299263765,0.001,-0.0031021052299263765,1.2262278782308214
2024-10-03,2024-10-04,2024-10-11,25181.900390625,24964.25,-0.008643128089968477,0.001,-0.009643128089968478,1.2144032057335512
2025-04-07,2025-04-08,2025-04-17,22446.75,23851.650390625,0.06258814263200696,0.001,0.06158814263200696,1.2891960435810357
2026-03-13,2026-03-16,2026-03-23,23116.099609375,22512.650390625,-0.02610514874686143,0.001,-0.02710514874686143,1.2542521930559065
2026-03-23,2026-03-24,2026-04-02,22878.44921875,22713.099609375,-0.0072273084505871665,0.001,-0.008227308450587167,1.24393307338881
2026-07-08,2026-07-09,2026-07-16,23928.94921875,24072.75,0.006009490008751506,0.001,0.005009490008751506,1.250164543691507
