Event_Number,Event_Date,Event_Return,Entry_Date,Entry_Price,Holding_Period,Exit_Date,Exit_Price,Forward_Return
1,2007-10-18,-0.03746871224895365,2007-10-19,5360.35009765625,1,2007-10-19,5215.2998046875,-0.02705985436141034
1,2007-10-18,-0.03746871224895365,2007-10-19,5360.35009765625,3,2007-10-23,5473.7001953125,0.02114602509000507
1,2007-10-18,-0.03746871224895365,2007-10-19,5360.35009765625,5,2007-10-25,5568.9501953125,0.03891538684151574
2,2007-10-19,-0.02535978234208558,2007-10-22,5202.75,1,2007-10-22,5184.0,-0.0036038633415020893
2,2007-10-19,-0.02535978234208558,2007-10-22,5202.75,3,2007-10-24,5496.14990234375,0.056393234797703196
2,2007-10-19,-0.02535978234208558,2007-10-22,5202.75,5,2007-10-26,5702.2998046875,0.0960164921796165
3,2007-11-20,-0.02145523213041356,2007-11-21,5778.7998046875,1,2007-11-21,5561.0498046875,-0.037680834664556295
3,2007-11-20,-0.02145523213041356,2007-11-21,5778.7998046875,3,2007-11-23,5608.60009765625,-0.029452431782321264
3,2007-11-20,-0.02145523213041356,2007-11-21,5778.7998046875,5,2007-11-27,5698.14990234375,-0.013956168247657663
4,2007-11-21,-0.0380304280250755,2007-11-22,5564.64990234375,1,2007-11-22,5519.35009765625,-0.008140638761195085
4,2007-11-21,-0.0380304280250755,2007-11-22,5564.64990234375,3,2007-11-26,5731.7001953125,0.030019910668304783
4,2007-11-21,-0.0380304280250755,2007-11-22,5564.64990234375,5,2007-11-28,5617.5498046875,0.009506420578493158
5,2007-12-17,-0.044760849012045356,2007-12-18,5777.60009765625,1,2007-12-18,5742.2998046875,-0.00610985398298336
5,2007-12-17,-0.044760849012045356,2007-12-18,5777.60009765625,3,2007-12-20,5766.5,-0.001921229830488369
5,2007-12-17,-0.044760849012045356,2007-12-18,5777.60009765625,5,2007-12-26,6070.75,0.05073904344169988
6,2008-01-15,-0.021355579180658557,2008-01-16,6065.0,1,2008-01-16,5935.75,-0.021310799670239078
6,2008-01-15,-0.021355579180658557,2008-01-16,6065.0,3,2008-01-18,5705.2998046875,-0.059307534264220974
6,2008-01-15,-0.021355579180658557,2008-01-16,6065.0,5,2008-01-22,4899.2998046875,-0.19220118636644679
7,2008-01-16,-0.02280116886858463,2008-01-17,5937.9501953125,1,2008-01-17,5913.2001953125,-0.004168105017037349
7,2008-01-16,-0.02280116886858463,2008-01-17,5937.9501953125,3,2008-01-21,5208.7998046875,-0.12279496571065907
7,2008-01-16,-0.02280116886858463,2008-01-17,5937.9501953125,5,2008-01-23,5203.39990234375,-0.1237043539955276
8,2008-01-18,-0.035158693052504186,2008-01-21,5705.0,1,2008-01-21,5208.7998046875,-0.08697637078220855
8,2008-01-18,-0.035158693052504186,2008-01-21,5705.0,3,2008-01-23,5203.39990234375,-0.08792289178900092
8,2008-01-18,-0.035158693052504186,2008-01-21,5705.0,5,2008-01-25,5383.35009765625,-0.05638035098049954
9,2008-01-21,-0.08702434876289467,2008-01-22,5203.35009765625,1,2008-01-22,4899.2998046875,-0.05843356438877789
9,2008-01-21,-0.08702434876289467,2008-01-22,5203.35009765625,3,2008-01-24,5033.4501953125,-0.03265202209251272
9,2008-01-21,-0.08702434876289467,2008-01-22,5203.35009765625,5,2008-01-28,5274.10009765625,0.013597009363615076
10,2008-01-22,-0.05941867831462344,2008-01-23,4903.0498046875,1,2008-01-23,5203.39990234375,0.061257810877038965
10,2008-01-22,-0.05941867831462344,2008-01-23,4903.0498046875,3,2008-01-25,5383.35009765625,0.09795949706845009
10,2008-01-22,-0.05941867831462344,2008-01-23,4903.0498046875,5,2008-01-29,5280.7998046875,0.07704388391871042
11,2008-01-24,-0.03266128112788336,2008-01-25,5035.0498046875,1,2008-01-25,5383.35009765625,0.06917514353969079
11,2008-01-24,-0.03266128112788336,2008-01-25,5035.0498046875,3,2008-01-29,5280.7998046875,0.048807858816255045
11,2008-01-24,-0.03266128112788336,2008-01-25,5035.0498046875,5,2008-01-31,5137.4501953125,0.020337512953629178
12,2008-01-28,-0.02029405444902499,2008-01-29,5279.5498046875,1,2008-01-29,5280.7998046875,0.0002367626116321908
12,2008-01-28,-0.02029405444902499,2008-01-29,5279.5498046875,3,2008-01-31,5137.4501953125,-0.026915099702030543
12,2008-01-28,-0.02029405444902499,2008-01-29,5279.5498046875,5,2008-02-04,5463.5,0.03484202292195038
13,2008-01-30,-0.02143609135320157,2008-01-31,5172.25,1,2008-01-31,5137.4501953125,-0.006728175298467809
13,2008-01-30,-0.02143609135320157,2008-01-31,5172.25,3,2008-02-04,5463.5,0.05631011648702211
13,2008-01-30,-0.02143609135320157,2008-01-31,5172.25,5,2008-02-06,5322.5498046875,0.029058882437527078
14,2008-02-06,-0.029422509624453808,2008-02-07,5322.5498046875,1,2008-02-07,5133.25,-0.03556562392723617
14,2008-02-06,-0.029422509624453808,2008-02-07,5322.5498046875,3,2008-02-11,4857.0,-0.08746743981192928
14,2008-02-06,-0.029422509624453808,2008-02-07,5322.5498046875,5,2008-02-13,4929.4501953125,-0.07385550606380464
15,2008-02-07,-0.03556562392723617,2008-02-08,5132.10009765625,1,2008-02-08,5120.35009765625,-0.0022895110727411128
15,2008-02-07,-0.03556562392723617,2008-02-08,5132.10009765625,3,2008-02-12,4838.25,-0.05725728104766448
15,2008-02-07,-0.03556562392723617,2008-02-08,5132.10009765625,5,2008-02-14,5202.0,0.013620136204216315
16,2008-02-11,-0.051432049104766064,2008-02-12,4877.85009765625,1,2008-02-12,4838.25,-0.008118350679795827
16,2008-02-11,-0.051432049104766064,2008-02-12,4877.85009765625,3,2008-02-14,5202.0,0.06645343662764458
16,2008-02-11,-0.051432049104766064,2008-02-12,4877.85009765625,5,2008-02-18,5276.89990234375,0.0818085420212562
17,2008-02-20,-0.02392622595972027,2008-02-21,5156.89990234375,1,2008-02-21,5191.7998046875,0.006767612907880638
17,2008-02-20,-0.02392622595972027,2008-02-21,5156.89990234375,3,2008-02-25,5200.7001953125,0.008493531733831716
17,2008-02-20,-0.02392622595972027,2008-02-21,5156.89990234375,5,2008-02-27,5268.39990234375,0.0216215172121772
18,2008-03-03,-0.05178520149325161,2008-03-04,4958.5498046875,1,2008-03-04,4864.25,-0.019017617731368786
18,2008-03-03,-0.05178520149325161,2008-03-04,4958.5498046875,3,2008-03-07,4771.60009765625,-0.03770249657561564
18,2008-03-03,-0.05178520149325161,2008-03-04,4958.5498046875,5,2008-03-11,4865.89990234375,-0.018684878844246855
19,2008-03-07,-0.03043845402934231,2008-03-10,4767.7998046875,1,2008-03-10,4800.39990234375,0.006837555894062319
19,2008-03-07,-0.03043845402934231,2008-03-10,4767.7998046875,3,2008-03-12,4872.0,0.02185498544004605
19,2008-03-07,-0.03043845402934231,2008-03-10,4767.7998046875,5,2008-03-14,4745.7998046875,-0.004614287701083963
20,2008-03-13,-0.050985201630490584,2008-03-14,4623.7998046875,1,2008-03-14,4745.7998046875,0.026385225388936506
20,2008-03-13,-0.050985201630490584,2008-03-14,4623.7998046875,3,2008-03-18,4533.0,-0.019637486163533557
20,2008-03-13,-0.050985201630490584,2008-03-14,4623.7998046875,5,2008-03-24,4609.85009765625,-0.0030169357715504885
21,2008-03-17,-0.05113989570135924,2008-03-18,4519.89990234375,1,2008-03-18,4533.0,0.002898315878512525
21,2008-03-17,-0.05113989570135924,2008-03-18,4519.89990234375,3,2008-03-24,4609.85009765625,0.01990092640455532
21,2008-03-17,-0.05113989570135924,2008-03-18,4519.89990234375,5,2008-03-26,4828.85009765625,0.06835332684077744
22,2008-03-31,-0.04198704977741807,2008-04-01,4735.64990234375,1,2008-04-01,4739.5498046875,0.000823519986521859
22,2008-03-31,-0.04198704977741807,2008-04-01,4735.64990234375,3,2008-04-03,4771.60009765625,0.007591396335000944
22,2008-03-31,-0.04198704977741807,2008-04-01,4735.64990234375,5,2008-04-07,4761.2001953125,0.005395308668426857
23,2008-04-04,-0.02611285420114151,2008-04-07,4631.35009765625,1,2008-04-07,4761.2001953125,0.02803720187812231
23,2008-04-04,-0.02611285420114151,2008-04-07,4631.35009765625,3,2008-04-09,4747.0498046875,0.024981852935238358
23,2008-04-04,-0.02611285420114151,2008-04-07,4631.35009765625,5,2008-04-11,4777.7998046875,0.03162138554486793
24,2008-06-02,-0.02679616381248584,2008-06-03,4739.2998046875,1,2008-06-03,4715.89990234375,-0.004937417616122541
24,2008-06-02,-0.02679616381248584,2008-06-03,4739.2998046875,3,2008-06-05,4676.9501953125,-0.0131558694204853
24,2008-06-02,-0.02679616381248584,2008-06-03,4739.2998046875,5,2008-06-09,4500.9501953125,-0.05029215690032007
25,2008-06-04,-0.027629891937007045,2008-06-05,4586.9501953125,1,2008-06-05,4676.9501953125,0.019620880142098063
25,2008-06-04,-0.027629891937007045,2008-06-05,4586.9501953125,3,2008-06-09,4500.9501953125,-0.01874884102467156
25,2008-06-04,-0.027629891937007045,2008-06-05,4586.9501953125,5,2008-06-11,4523.60009765625,-0.013810940812260974
26,2008-06-09,-0.027410349351437824,2008-06-10,4522.0,1,2008-06-10,4449.7998046875,-0.01596642974624063
26,2008-06-09,-0.027410349351437824,2008-06-10,4522.0,3,2008-06-12,4539.35009765625,0.0038368194728548577
26,2008-06-09,-0.027410349351437824,2008-06-10,4522.0,5,2008-06-16,4572.5,0.011167624944714794
27,2008-06-20,-0.03478940896098126,2008-06-23,4351.14990234375,1,2008-06-23,4266.39990234375,-0.01947760980478963
27,2008-06-20,-0.03478940896098126,2008-06-23,4351.14990234375,3,2008-06-25,4252.64990234375,-0.02263769399140736
27,2008-06-20,-0.03478940896098126,2008-06-23,4351.14990234375,5,2008-06-27,4136.64990234375,-0.049297313311237434
28,2008-06-27,-0.04152141322281233,2008-06-30,4136.25,1,2008-06-30,4040.550048828125,-0.02313688756044119
28,2008-06-27,-0.04152141322281233,2008-06-30,4136.25,3,2008-07-02,4093.35009765625,-0.010371689898760916
28,2008-06-27,-0.04152141322281233,2008-06-30,4136.25,5,2008-07-04,4016.0,-0.029072227258990613
29,2008-06-30,-0.02323132384521509,2008-07-01,4039.75,1,2008-07-01,3896.75,-0.03539823008849563
29,2008-06-30,-0.02323132384521509,2008-07-01,4039.75,3,2008-07-03,3925.75,-0.02821956804257686
29,2008-06-30,-0.02323132384521509,2008-07-01,4039.75,5,2008-07-07,4030.0,-0.002413515687851975
30,2008-07-01,-0.035589225994077545,2008-07-02,3895.300048828125,1,2008-07-02,4093.35009765625,0.05084333590366352
30,2008-07-01,-0.035589225994077545,2008-07-02,3895.300048828125,3,2008-07-04,4016.0,0.03098604720018594
30,2008-07-01,-0.035589225994077545,2008-07-02,3895.300048828125,5,2008-07-08,3988.550048828125,0.023939105802145644
31,2008-07-03,-0.04094448157566921,2008-07-04,3926.64990234375,1,2008-07-04,4016.0,0.022754790948619652
31,2008-07-03,-0.04094448157566921,2008-07-04,3926.64990234375,3,2008-07-08,3988.550048828125,0.015764111398734126
31,2008-07-03,-0.04094448157566921,2008-07-04,3926.64990234375,5,2008-07-10,4162.2001953125,0.05998759727169811
32,2008-07-11,-0.027197200999602766,2008-07-14,4047.449951171875,1,2008-07-14,4039.699951171875,-0.0019147858759207548
32,2008-07-11,-0.027197200999602766,2008-07-14,4047.449951171875,3,2008-07-16,3816.699951171875,-0.057011205273382104
32,2008-07-11,-0.027197200999602766,2008-07-14,4047.449951171875,5,2008-07-18,4092.25,0.011068709772471319
33,2008-07-15,-0.04421116807544456,2008-07-16,3861.550048828125,1,2008-07-16,3816.699951171875,-0.011614532270496136
33,2008-07-15,-0.04421116807544456,2008-07-16,3861.550048828125,3,2008-07-18,4092.25,0.059742835973830344
33,2008-07-15,-0.04421116807544456,2008-07-16,3861.550048828125,5,2008-07-22,4240.10009765625,0.09803059497908229
34,2008-07-25,-0.02744972141794355,2008-07-28,4282.25,1,2008-07-28,4332.10009765625,0.011641099341759498
34,2008-07-25,-0.02744972141794355,2008-07-28,4282.25,3,2008-07-30,4313.5498046875,0.007309196027205367
34,2008-07-25,-0.02744972141794355,2008-07-28,4282.25,5,2008-08-01,4413.5498046875,0.030661405730048497
35,2008-07-29,-0.032836268043981764,2008-07-30,4191.2001953125,1,2008-07-30,4313.5498046875,0.029192022254588945
35,2008-07-29,-0.032836268043981764,2008-07-30,4191.2001953125,3,2008-08-01,4413.5498046875,0.05305153631737247
35,2008-07-29,-0.032836268043981764,2008-07-30,4191.2001953125,5,2008-08-05,4502.85009765625,0.07435815227635834
36,2008-08-14,-0.0217152854608067,2008-08-18,4430.7001953125,1,2008-08-18,4393.0498046875,-0.008497616395898855
36,2008-08-14,-0.0217152854608067,2008-08-18,4430.7001953125,3,2008-08-20,4415.75,-0.0033742285989732945
36,2008-08-14,-0.0217152854608067,2008-08-18,4430.7001953125,5,2008-08-22,4327.4501953125,-0.02330331447594547
37,2008-08-21,-0.029870328334654417,2008-08-22,4283.85009765625,1,2008-08-22,4327.4501953125,0.010177783223578318
37,2008-08-21,-0.029870328334654417,2008-08-22,4283.85009765625,3,2008-08-26,4337.5,0.012523758096274706
37,2008-08-21,-0.029870328334654417,2008-08-22,4283.85009765625,5,2008-08-28,4214.0,-0.016305448618397222
38,2008-09-05,-0.021460332822775596,2008-09-08,4358.2998046875,1,2008-09-08,4482.2998046875,0.028451461706841208
38,2008-09-05,-0.021460332822775596,2008-09-08,4358.2998046875,3,2008-09-10,4400.25,0.009625357867162121
38,2008-09-05,-0.021460332822775596,2008-09-08,4358.2998046875,5,2008-09-12,4228.4501953125,-0.029793638619202478
39,2008-09-11,-0.024987261022101026,2008-09-12,4291.60009765625,1,2008-09-12,4228.4501953125,-0.01471476859603893
39,2008-09-11,-0.024987261022101026,2008-09-12,4291.60009765625,3,2008-09-16,4074.89990234375,-0.050494032617541706
39,2008-09-11,-0.024987261022101026,2008-09-12,4291.60009765625,5,2008-09-18,4038.14990234375,-0.05905727224000101
40,2008-09-15,-0.03678659692886699,2008-09-16,4072.550048828125,1,2008-09-16,4074.89990234375,0.0005769980693794974
40,2008-09-15,-0.03678659692886699,2008-09-16,4072.550048828125,3,2008-09-18,4038.14990234375,-0.008446832100755586
40,2008-09-15,-0.03678659692886699,2008-09-16,4072.550048828125,5,2008-09-22,4223.0498046875,0.03695467312984424
41,2008-09-23,-0.022767882641835158,2008-09-24,4125.75,1,2008-09-24,4161.25,0.008604496152214702
41,2008-09-23,-0.022767882641835158,2008-09-24,4125.75,3,2008-09-26,3985.25,-0.034054414348906215
41,2008-09-23,-0.022767882641835158,2008-09-24,4125.75,5,2008-09-30,3921.199951171875,-0.04957887628385749
42,2008-09-26,-0.030482492766445324,2008-09-29,3990.199951171875,1,2008-09-29,3850.050048828125,-0.03512352865990831
42,2008-09-26,-0.030482492766445324,2008-09-29,3990.199951171875,3,2008-10-01,3950.75,-0.009886710354023442
42,2008-09-26,-0.030482492766445324,2008-09-29,3990.199951171875,5,2008-10-06,3602.35009765625,-0.09720060605026026
43,2008-09-29,-0.03392508654962045,2008-09-30,3848.699951171875,1,2008-09-30,3921.199951171875,0.018837529794424324
43,2008-09-29,-0.03392508654962045,2008-09-30,3848.699951171875,3,2008-10-03,3818.300048828125,-0.00789874573997218
43,2008-09-29,-0.03392508654962045,2008-09-30,3848.699951171875,5,2008-10-07,3606.60009765625,-0.06290432005277757
44,2008-10-03,-0.033525267650920676,2008-10-06,3817.300048828125,1,2008-10-06,3602.35009765625,-0.05630941985759352
44,2008-10-03,-0.033525267650920676,2008-10-06,3817.300048828125,3,2008-10-08,3513.64990234375,-0.07954578958957992
44,2008-10-03,-0.033525267650920676,2008-10-06,3817.300048828125,5,2008-10-13,3490.699951171875,-0.08555787951657434
45,2008-10-06,-0.05655656926127428,2008-10-07,3606.949951171875,1,2008-10-07,3606.60009765625,-9.699428058640436e-05
45,2008-10-06,-0.05655656926127428,2008-10-07,3606.949951171875,3,2008-10-10,3279.949951171875,-0.09065831365188748
45,2008-10-06,-0.05655656926127428,2008-10-07,3606.949951171875,5,2008-10-14,3518.64990234375,-0.024480530648737453
46,2008-10-08,-0.025772248875860604,2008-10-10,3502.050048828125,1,2008-10-10,3279.949951171875,-0.06342002386018741
46,2008-10-08,-0.025772248875860604,2008-10-10,3502.050048828125,3,2008-10-14,3518.64990234375,0.004740038915543199
46,2008-10-08,-0.025772248875860604,2008-10-10,3502.050048828125,5,2008-10-16,3269.300048828125,-0.06646107187356842
47,2008-10-10,-0.06651201959990027,2008-10-13,3272.89990234375,1,2008-10-13,3490.699951171875,0.06654650472877477
47,2008-10-10,-0.06651201959990027,2008-10-13,3272.89990234375,3,2008-10-15,3338.39990234375,0.020012833253193918
47,2008-10-10,-0.06651201959990027,2008-10-13,3272.89990234375,5,2008-10-17,3074.35009765625,-0.06066479593381913
48,2008-10-15,-0.05122703451682897,2008-10-16,3333.85009765625,1,2008-10-16,3269.300048828125,-0.01936201296918083
48,2008-10-15,-0.05122703451682897,2008-10-16,3333.85009765625,3,2008-10-20,3122.800048828125,-0.06330520048771737
48,2008-10-15,-0.05122703451682897,2008-10-16,3333.85009765625,5,2008-10-22,3065.14990234375,-0.0805975636101337
49,2008-10-16,-0.020698494948766633,2008-10-17,3269.050048828125,1,2008-10-17,3074.35009765625,-0.05955857153109978
49,2008-10-16,-0.020698494948766633,2008-10-17,3269.050048828125,3,2008-10-21,3234.89990234375,-0.010446504634157305
49,2008-10-16,-0.020698494948766633,2008-10-17,3269.050048828125,5,2008-10-23,2943.14990234375,-0.09969261455669742
50,2008-10-17,-0.059630486116364456,2008-10-20,3108.199951171875,1,2008-10-20,3122.800048828125,0.004697283921758499
50,2008-10-17,-0.059630486116364456,2008-10-20,3108.199951171875,3,2008-10-22,3065.14990234375,-0.013850476000391798
50,2008-10-17,-0.059630486116364456,2008-10-20,3108.199951171875,5,2008-10-24,2584.0,-0.16865065292026582
51,2008-10-22,-0.05247457575951975,2008-10-23,3064.800048828125,1,2008-10-23,2943.14990234375,-0.03969268616100741
51,2008-10-22,-0.05247457575951975,2008-10-23,3064.800048828125,3,2008-10-27,2524.199951171875,-0.1763900055610339
51,2008-10-22,-0.05247457575951975,2008-10-23,3064.800048828125,5,2008-10-31,2885.60009765625,-0.05847035640722953
52,2008-10-23,-0.03980229479371089,2008-10-24,2936.25,1,2008-10-24,2584.0,-0.11996594295444873
52,2008-10-23,-0.03980229479371089,2008-10-24,2936.25,3,2008-10-29,2697.050048828125,-0.08146443632928901
52,2008-10-23,-0.03980229479371089,2008-10-24,2936.25,5,2008-11-03,3043.85009765625,0.03664541427203072
53,2008-10-24,-0.12202908932968193,2008-10-27,2583.75,1,2008-10-27,2524.199951171875,-0.023047914398887315
53,2008-10-24,-0.12202908932968193,2008-10-27,2583.75,3,2008-10-31,2885.60009765625,0.11682635613207548
53,2008-10-24,-0.12202908932968193,2008-10-27,2583.75,5,2008-11-04,3142.10009765625,0.2161006667271408
54,2008-10-27,-0.023142433757014302,2008-10-29,2685.300048828125,1,2008-10-29,2697.050048828125,0.004375674891574199
54,2008-10-27,-0.023142433757014302,2008-10-29,2685.300048828125,3,2008-11-03,3043.85009765625,0.133523272002545
54,2008-10-27,-0.023142433757014302,2008-10-29,2685.300048828125,5,2008-11-05,2994.949951171875,0.11531296194586615
55,2008-11-05,-0.046831781900944836,2008-11-06,2998.449951171875,1,2008-11-06,2892.64990234375,-0.03528491405593592
55,2008-11-05,-0.046831781900944836,2008-11-06,2998.449951171875,3,2008-11-10,3148.25,0.04995916265655165
55,2008-11-05,-0.046831781900944836,2008-11-06,2998.449951171875,5,2008-11-12,2848.449951171875,-0.05002584750209882
56,2008-11-06,-0.034157515316106224,2008-11-07,2893.25,1,2008-11-07,2973.0,0.027564157953858137
56,2008-11-06,-0.034157515316106224,2008-11-07,2893.25,3,2008-11-11,2938.64990234375,0.01569166243627418
56,2008-11-06,-0.034157515316106224,2008-11-07,2893.25,5,2008-11-14,2810.35009765625,-0.028652865235893943
57,2008-11-11,-0.06657670059755416,2008-11-12,2937.89990234375,1,2008-11-12,2848.449951171875,-0.030446902258485786
57,2008-11-11,-0.06657670059755416,2008-11-12,2937.89990234375,3,2008-11-17,2799.550048828125,-0.047091411591407395
57,2008-11-11,-0.06657670059755416,2008-11-12,2937.89990234375,5,2008-11-19,2635.0,-0.10310082453868064
58,2008-11-12,-0.030694350864978848,2008-11-14,2848.0,1,2008-11-14,2810.35009765625,-0.0132197690813729
58,2008-11-12,-0.030694350864978848,2008-11-14,2848.0,3,2008-11-18,2683.14990234375,-0.057882759008514695
58,2008-11-12,-0.030694350864978848,2008-11-14,2848.0,5,2008-11-20,2553.14990234375,-0.1035288264242451
59,2008-11-18,-0.04157816236687728,2008-11-19,2682.75,1,2008-11-19,2635.0,-0.01779890038207066
59,2008-11-18,-0.04157816236687728,2008-11-19,2682.75,3,2008-11-21,2693.449951171875,0.003988426492172126
59,2008-11-18,-0.04157816236687728,2008-11-19,2682.75,5,2008-11-25,2654.0,-0.01071661541328861
60,2008-11-20,-0.03106265565702082,2008-11-21,2553.60009765625,1,2008-11-21,2693.449951171875,0.05476576134375244
60,2008-11-20,-0.03106265565702082,2008-11-21,2553.60009765625,3,2008-11-25,2654.0,0.039317002860353556
60,2008-11-20,-0.03106265565702082,2008-11-21,2553.60009765625,5,2008-11-28,2755.10009765625,0.07890820500239681
61,2008-11-25,-0.02003138558109485,2008-11-26,2652.449951171875,1,2008-11-26,2752.25,0.037625610535660714
61,2008-11-25,-0.02003138558109485,2008-11-26,2652.449951171875,3,2008-12-01,2682.89990234375,0.011479934299390537
61,2008-11-25,-0.02003138558109485,2008-11-26,2652.449951171875,5,2008-12-03,2656.449951171875,0.0015080397646081156
62,2008-12-01,-0.0262060153001048,2008-12-02,2672.89990234375,1,2008-12-02,2657.800048828125,-0.005649240176328507
62,2008-12-01,-0.0262060153001048,2008-12-02,2672.89990234375,3,2008-12-04,2788.0,0.04306188105110986
62,2008-12-01,-0.0262060153001048,2008-12-02,2672.89990234375,5,2008-12-08,2784.0,0.041565379069687935
63,2008-12-05,-0.02639888725116568,2008-12-08,2714.699951171875,1,2008-12-08,2784.0,0.025527701062583175
63,2008-12-05,-0.02639888725116568,2008-12-08,2714.699951171875,3,2008-12-11,2920.14990234375,0.07568053739537106
63,2008-12-05,-0.02639888725116568,2008-12-08,2714.699951171875,5,2008-12-15,2981.199951171875,0.09816922856795207
64,2008-12-17,-0.028733427251993127,2008-12-18,2955.35009765625,1,2008-12-18,3060.75,0.03566410031330558
64,2008-12-17,-0.028733427251993127,2008-12-18,2955.35009765625,3,2008-12-22,3039.300048828125,0.02840609349073464
64,2008-12-17,-0.028733427251993127,2008-12-18,2955.35009765625,5,2008-12-24,2916.85009765625,-0.013027221387588717
65,2008-12-23,-0.023245531980830902,2008-12-24,2967.39990234375,1,2008-12-24,2916.85009765625,-0.017035049656628387
65,2008-12-23,-0.023245531980830902,2008-12-24,2967.39990234375,3,2008-12-29,2922.199951171875,-0.01523217384221609
65,2008-12-23,-0.023245531980830902,2008-12-24,2967.39990234375,5,2008-12-31,2959.14990234375,-0.002780211724575432
66,2008-12-26,-0.020433034150140195,2008-12-29,2857.14990234375,1,2008-12-29,2922.199951171875,0.022767460949375984
66,2008-12-26,-0.020433034150140195,2008-12-29,2857.14990234375,3,2008-12-31,2959.14990234375,0.035699911970431986
66,2008-12-26,-0.020433034150140195,2008-12-29,2857.14990234375,5,2009-01-05,3121.449951171875,0.09250478898965597
67,2009-01-07,-0.061809349610106756,2009-01-09,2919.949951171875,1,2009-01-09,2873.0,-0.01607902599598754
67,2009-01-07,-0.061809349610106756,2009-01-09,2919.949951171875,3,2009-01-13,2744.949951171875,-0.059932534093526724
67,2009-01-07,-0.061809349610106756,2009-01-09,2919.949951171875,5,2009-01-15,2736.699951171875,-0.06275792498650723
68,2009-01-12,-0.03477198132396453,2009-01-13,2775.0,1,2009-01-13,2744.949951171875,-0.01082884642454951
68,2009-01-12,-0.03477198132396453,2009-01-13,2775.0,3,2009-01-15,2736.699951171875,-0.013801819397522563
68,2009-01-12,-0.03477198132396453,2009-01-13,2775.0,5,2009-01-19,2846.199951171875,0.025657640061936826
69,2009-01-15,-0.03477589530497949,2009-01-16,2737.0,1,2009-01-16,2828.449951171875,0.033412477592939416
69,2009-01-15,-0.03477589530497949,2009-01-16,2737.0,3,2009-01-20,2796.60009765625,0.02177570246848748
69,2009-01-15,-0.03477589530497949,2009-01-16,2737.0,5,2009-01-22,2713.800048828125,-0.008476416211865234
70,2009-01-21,-0.03234291359293873,2009-01-22,2714.699951171875,1,2009-01-22,2713.800048828125,-0.00033149237850815805
70,2009-01-21,-0.03234291359293873,2009-01-22,2714.699951171875,3,2009-01-27,2771.35009765625,0.020867921871041473
70,2009-01-21,-0.03234291359293873,2009-01-22,2714.699951171875,5,2009-01-29,2823.949951171875,0.04024385824033305
71,2009-02-02,-0.03762005866406637,2009-02-03,2773.5,1,2009-02-03,2783.89990234375,0.003749739442491462
71,2009-02-02,-0.03762005866406637,2009-02-03,2773.5,3,2009-02-05,2780.050048828125,0.0023616545260951582
71,2009-02-02,-0.03762005866406637,2009-02-03,2773.5,5,2009-02-09,2919.89990234375,0.05278525413511814
72,2009-02-16,-0.03386643185136817,2009-02-17,2853.85009765625,1,2009-02-17,2770.5,-0.029206193319229357
72,2009-02-16,-0.03386643185136817,2009-02-17,2853.85009765625,3,2009-02-19,2789.35009765625,-0.022601046934094815
72,2009-02-16,-0.03386643185136817,2009-02-17,2853.85009765625,5,2009-02-24,2733.89990234375,-0.0420310076590954
73,2009-02-17,-0.02738283307003686,2009-02-18,2755.14990234375,1,2009-02-18,2776.14990234375,0.007622089811569088
73,2009-02-17,-0.02738283307003686,2009-02-18,2755.14990234375,3,2009-02-20,2736.449951171875,-0.006787271776380388
73,2009-02-17,-0.02738283307003686,2009-02-18,2755.14990234375,5,2009-02-25,2762.5,0.0026677668790353604
74,2009-03-02,-0.032221810950793794,2009-03-03,2672.14990234375,1,2009-03-03,2622.39990234375,-0.018617967486166953
74,2009-03-02,-0.032221810950793794,2009-03-03,2672.14990234375,3,2009-03-05,2576.699951171875,-0.035720283165310285
74,2009-03-02,-0.032221810950793794,2009-03-03,2672.14990234375,5,2009-03-09,2573.14990234375,-0.03704881972121654
75,2009-03-05,-0.025895962976127063,2009-03-06,2576.75,1,2009-03-06,2620.14990234375,0.016842884386824464
75,2009-03-05,-0.025895962976127063,2009-03-06,2576.75,3,2009-03-12,2617.449951171875,0.01579507176554773
75,2009-03-05,-0.025895962976127063,2009-03-06,2576.75,5,2009-03-16,2777.25,0.0778111962743766
76,2009-03-30,-0.041979638781970974,2009-03-31,2981.699951171875,1,2009-03-31,3020.949951171875,0.01316363170096091
76,2009-03-30,-0.041979638781970974,2009-03-31,2981.699951171875,3,2009-04-02,3211.050048828125,0.07691924117519289
76,2009-03-30,-0.041979638781970974,2009-03-31,2981.699951171875,5,2009-04-08,3342.949951171875,0.12115571852158391
77,2009-04-16,-0.03290613365016992,2009-04-17,3369.5,1,2009-04-17,3384.39990234375,0.004421992088959881
77,2009-04-16,-0.03290613365016992,2009-04-17,3369.5,3,2009-04-21,3365.300048828125,-0.0012464612470322045
77,2009-04-16,-0.03290613365016992,2009-04-17,3369.5,5,2009-04-23,3423.699951171875,0.016085458130842945
78,2009-04-28,-0.031023026612031712,2009-04-29,3371.64990234375,1,2009-04-29,3473.949951171875,0.030341242949635028
78,2009-04-28,-0.031023026612031712,2009-04-29,3371.64990234375,3,2009-05-05,3661.89990234375,0.08608545027116765
78,2009-04-28,-0.031023026612031712,2009-04-29,3371.64990234375,5,2009-05-07,3683.89990234375,0.09261044564055854
79,2009-05-26,-0.028518746668491857,2009-05-27,4117.2998046875,1,2009-05-27,4276.0498046875,0.03855682304680963
79,2009-05-26,-0.028518746668491857,2009-05-27,4117.2998046875,3,2009-05-29,4448.9501953125,0.08055045936839966
79,2009-05-26,-0.028518746668491857,2009-05-27,4117.2998046875,5,2009-06-02,4525.25,0.09908197475638114
80,2009-06-08,-0.034227910646094206,2009-06-09,4427.75,1,2009-06-09,4550.9501953125,0.027824559948619543
80,2009-06-08,-0.034227910646094206,2009-06-09,4427.75,3,2009-06-11,4637.7001953125,0.04741690368979734
80,2009-06-08,-0.034227910646094206,2009-06-09,4427.75,5,2009-06-15,4484.0,0.01270396928462536
81,2009-06-15,-0.021686936436186022,2009-06-16,4478.10009765625,1,2009-06-16,4517.7998046875,0.008865301392442682
81,2009-06-15,-0.021686936436186022,2009-06-16,4478.10009765625,3,2009-06-18,4251.39990234375,-0.050624191145515085
81,2009-06-15,-0.021686936436186022,2009-06-16,4478.10009765625,5,2009-06-22,4235.25,-0.05423060949069736
82,2009-06-17,-0.03578066964720927,2009-06-18,4352.9501953125,1,2009-06-18,4251.39990234375,-0.023329073022270053
82,2009-06-17,-0.03578066964720927,2009-06-18,4352.9501953125,3,2009-06-22,4235.25,-0.02703917803590905
82,2009-06-17,-0.03578066964720927,2009-06-18,4352.9501953125,5,2009-06-24,4292.9501953125,-0.013783755225274863
83,2009-06-18,-0.024046463585571498,2009-06-19,4251.10009765625,1,2009-06-19,4313.60009765625,0.014702076771718087
83,2009-06-18,-0.024046463585571498,2009-06-19,4251.10009765625,3,2009-06-23,4247.0,-0.0009644792082196263
83,2009-06-18,-0.024046463585571498,2009-06-19,4251.10009765625,5,2009-06-25,4241.85009765625,-0.002175907362214291
84,2009-06-30,-0.022739974997403434,2009-07-01,4292.2998046875,1,2009-07-01,4340.89990234375,0.011322624203270903
84,2009-06-30,-0.022739974997403434,2009-07-01,4292.2998046875,3,2009-07-03,4424.25,0.030741141419898144
84,2009-06-30,-0.022739974997403434,2009-07-01,4292.2998046875,5,2009-07-07,4202.14990234375,-0.02100270401552562
85,2009-07-06,-0.05843923934847717,2009-07-07,4166.0,1,2009-07-07,4202.14990234375,0.008677364940890442
85,2009-07-06,-0.05843923934847717,2009-07-07,4166.0,3,2009-07-09,4080.949951171875,-0.020415278163256168
85,2009-07-06,-0.05843923934847717,2009-07-07,4166.0,5,2009-07-13,3974.050048828125,-0.04607536033890425
86,2009-07-08,-0.029330224495622392,2009-07-09,4078.75,1,2009-07-09,4080.949951171875,0.000539368966441911
86,2009-07-08,-0.029330224495622392,2009-07-09,4078.75,3,2009-07-13,3974.050048828125,-0.025669617204259865
86,2009-07-08,-0.029330224495622392,2009-07-09,4078.75,5,2009-07-15,4233.5,0.0379405455102666
87,2009-08-06,-0.02314581012623862,2009-08-07,4591.89990234375,1,2009-08-07,4481.39990234375,-0.024064113406217724
87,2009-08-06,-0.02314581012623862,2009-08-07,4591.89990234375,3,2009-08-11,4471.35009765625,-0.026252707430745703
87,2009-08-06,-0.02314581012623862,2009-08-07,4591.89990234375,5,2009-08-13,4605.0,0.0028528709107016326
88,2009-08-07,-0.022702016717097373,2009-08-10,4486.5,1,2009-08-10,4437.64990234375,-0.010888241982893176
88,2009-08-07,-0.022702016717097373,2009-08-10,4486.5,3,2009-08-12,4457.5,-0.006463835952301378
88,2009-08-07,-0.022702016717097373,2009-08-10,4486.5,5,2009-08-14,4580.0498046875,0.020851399685166694
89,2009-08-17,-0.041953670928882025,2009-08-18,4389.5,1,2009-08-18,4458.89990234375,0.015810434524148542
89,2009-08-17,-0.041953670928882025,2009-08-18,4389.5,3,2009-08-20,4453.4501953125,0.014568901996240946
89,2009-08-17,-0.041953670928882025,2009-08-18,4389.5,5,2009-08-24,4642.7998046875,0.05770584455803629
90,2009-10-27,-0.024985356670065073,2009-10-28,4846.5498046875,1,2009-10-28,4826.14990234375,-0.004209159745767965
90,2009-10-27,-0.024985356670065073,2009-10-28,4846.5498046875,3,2009-10-30,4711.7001953125,-0.027823836504181965
90,2009-10-27,-0.024985356670065073,2009-10-28,4846.5498046875,5,2009-11-04,4710.7998046875,-0.028009616215788125
91,2009-11-03,-0.03136878129805265,2009-11-04,4567.2998046875,1,2009-11-04,4710.7998046875,0.0314190016282101
91,2009-11-03,-0.03136878129805265,2009-11-04,4567.2998046875,3,2009-11-06,4796.14990234375,0.05010621317684838
91,2009-11-03,-0.03136878129805265,2009-11-04,4567.2998046875,5,2009-11-10,4881.7001953125,0.06883725703802623
92,2009-11-26,-0.02008556906467729,2009-11-27,5005.0498046875,1,2009-11-27,4941.75,-0.012647187771881119
92,2009-11-26,-0.02008556906467729,2009-11-27,5005.0498046875,3,2009-12-01,5122.0,0.02336643987098186
92,2009-11-26,-0.02008556906467729,2009-11-27,5005.0498046875,5,2009-12-03,5131.7001953125,0.025304521546695602
93,2010-01-21,-0.024426965968527115,2010-01-22,5094.14990234375,1,2010-01-22,5036.0,-0.011415035571881393
93,2010-01-21,-0.024426965968527115,2010-01-22,5094.14990234375,3,2010-01-27,4853.10009765625,-0.04731894610651255
93,2010-01-21,-0.024426965968527115,2010-01-22,5094.14990234375,5,2010-01-29,4882.0498046875,-0.041636014197121596
94,2010-01-27,-0.030911121968522637,2010-01-28,4863.0,1,2010-01-28,4867.25,0.00087394612379188
94,2010-01-27,-0.030911121968522637,2010-01-28,4863.0,3,2010-02-01,4899.7001953125,0.007546821984885765
94,2010-01-27,-0.030911121968522637,2010-01-28,4863.0,5,2010-02-03,4931.85009765625,0.014157947286911332
95,2010-02-05,-0.026148821603992345,2010-02-08,4755.35009765625,1,2010-02-08,4760.39990234375,0.0010619206964359584
95,2010-02-05,-0.026148821603992345,2010-02-08,4755.35009765625,3,2010-02-10,4757.2001953125,0.0003890560354666839
95,2010-02-05,-0.026148821603992345,2010-02-08,4755.35009765625,5,2010-02-15,4801.9501953125,0.009799509331440692
96,2010-05-19,-0.028927063147710874,2010-05-20,4924.2998046875,1,2010-05-20,4947.60009765625,0.004731696666106844
96,2010-05-19,-0.028927063147710874,2010-05-20,4924.2998046875,3,2010-05-24,4943.9501953125,0.003990494365573527
96,2010-05-19,-0.028927063147710874,2010-05-20,4924.2998046875,5,2010-05-26,4917.39990234375,-0.001401194609877754
97,2010-05-25,-0.027751128124750002,2010-05-26,4807.2998046875,1,2010-05-26,4917.39990234375,0.022902690102434065
97,2010-05-25,-0.027751128124750002,2010-05-26,4807.2998046875,3,2010-05-28,5066.5498046875,0.05392840274850563
97,2010-05-25,-0.027751128124750002,2010-05-26,4807.2998046875,5,2010-06-01,4970.2001953125,0.03388604772811532
98,2010-06-01,-0.02282594692275186,2010-06-02,4970.75,1,2010-06-02,5019.85009765625,0.009877804688678715
98,2010-06-01,-0.02282594692275186,2010-06-02,4970.75,3,2010-06-04,5135.5,0.033143891766836076
98,2010-06-01,-0.02282594692275186,2010-06-02,4970.75,5,2010-06-08,4987.10009765625,0.0032892617122668444
99,2010-11-16,-0.021709994155716394,2010-11-18,6075.9501953125,1,2010-11-18,5998.7998046875,-0.012697666726188772
99,2010-11-16,-0.021709994155716394,2010-11-18,6075.9501953125,3,2010-11-22,6010.0,-0.010854301498945729
99,2010-11-16,-0.021709994155716394,2010-11-18,6075.9501953125,5,2010-11-24,5865.75,-0.034595444096080064
100,2010-12-09,-0.023239695576248276,2010-12-10,5761.0,1,2010-12-10,5857.35009765625,0.01672454394310874
100,2010-12-09,-0.023239695576248276,2010-12-10,5761.0,3,2010-12-14,5944.10009765625,0.031782693569909704
100,2010-12-09,-0.023239695576248276,2010-12-10,5761.0,5,2010-12-16,5948.75,0.032589828154834244
101,2011-01-07,-0.02375065553569211,2011-01-10,5901.2998046875,1,2011-01-10,5762.85009765625,-0.02346088346863462
101,2011-01-07,-0.02375065553569211,2011-01-10,5901.2998046875,3,2011-01-12,5863.25,-0.006447698972568139
101,2011-01-07,-0.02375065553569211,2011-01-10,5901.2998046875,5,2011-01-14,5654.5498046875,-0.04181282228772765
102,2011-01-10,-0.024006706238457354,2011-01-11,5767.9501953125,1,2011-01-11,5754.10009765625,-0.002401216582540111
102,2011-01-10,-0.024006706238457354,2011-01-11,5767.9501953125,3,2011-01-13,5751.89990234375,-0.0027826684394386403
102,2011-01-10,-0.024006706238457354,2011-01-11,5767.9501953125,5,2011-01-17,5654.75,-0.019625723433689735
103,2011-02-04,-0.02370289953408422,2011-02-07,5430.14990234375,1,2011-02-07,5396.0,-0.006288942839130507
103,2011-02-04,-0.02370289953408422,2011-02-07,5430.14990234375,3,2011-02-09,5253.5498046875,-0.03252214042563106
103,2011-02-04,-0.02370289953408422,2011-02-07,5430.14990234375,5,2011-02-11,5310.0,-0.022126443008855246
104,2011-02-24,-0.03212040777345426,2011-02-25,5321.0498046875,1,2011-02-25,5303.5498046875,-0.0032888246948156175
104,2011-02-24,-0.03212040777345426,2011-02-25,5321.0498046875,3,2011-03-01,5522.2998046875,0.037821483990379434
104,2011-02-24,-0.03212040777345426,2011-02-25,5321.0498046875,5,2011-03-04,5538.75,0.04091301590913887
105,2011-05-03,-0.02386294517885945,2011-05-04,5567.7001953125,1,2011-05-04,5537.14990234375,-0.005487057833047593
105,2011-05-03,-0.02386294517885945,2011-05-04,5567.7001953125,3,2011-05-06,5551.4501953125,-0.00291861979452146
105,2011-05-03,-0.02386294517885945,2011-05-04,5567.7001953125,5,2011-05-10,5541.25,-0.004750650068185869
106,2011-06-20,-0.020218396313068876,2011-06-21,5280.7998046875,1,2011-06-21,5275.85009765625,-0.0009373025326308015
106,2011-06-20,-0.020218396313068876,2011-06-21,5280.7998046875,3,2011-06-23,5320.0,0.00742315496938617
106,2011-06-20,-0.020218396313068876,2011-06-21,5280.7998046875,5,2011-06-27,5526.60009765625,0.046546035081762804
107,2011-08-05,-0.022609589463865043,2011-08-08,5083.85009765625,1,2011-08-08,5118.5,0.006815681359236825
107,2011-08-05,-0.022609589463865043,2011-08-08,5083.85009765625,3,2011-08-10,5161.0,0.015175487251152031
107,2011-08-05,-0.022609589463865043,2011-08-08,5083.85009765625,5,2011-08-12,5072.9501953125,-0.0021440251255195886
108,2011-08-18,-0.02223830106015723,2011-08-19,4859.2998046875,1,2011-08-19,4845.64990234375,-0.002809026586625185
108,2011-08-18,-0.02223830106015723,2011-08-19,4859.2998046875,3,2011-08-23,4948.89990234375,0.01843889063395876
108,2011-08-18,-0.02223830106015723,2011-08-19,4859.2998046875,5,2011-08-25,4839.60009765625,-0.004054021736268787
109,2011-09-12,-0.022265342334898075,2011-09-13,4977.7998046875,1,2011-09-13,4940.9501953125,-0.007402790554232319
109,2011-09-12,-0.022265342334898075,2011-09-13,4977.7998046875,3,2011-09-15,5075.7001953125,0.019667402158843217
109,2011-09-12,-0.022265342334898075,2011-09-13,4977.7998046875,5,2011-09-19,5031.9501953125,0.01087837855070184
110,2011-09-22,-0.04083185070983297,2011-09-23,4873.75,1,2011-09-23,4867.75,-0.0012310848935624952
110,2011-09-22,-0.04083185070983297,2011-09-23,4873.75,3,2011-09-27,4971.25,0.020005129520389797
110,2011-09-22,-0.04083185070983297,2011-09-23,4873.75,5,2011-09-29,5015.4501953125,0.02907416164401133
111,2011-11-21,-0.025979394207947815,2011-11-22,4794.85009765625,1,2011-11-22,4812.35009765625,0.0036497491357558864
111,2011-11-21,-0.025979394207947815,2011-11-22,4794.85009765625,3,2011-11-25,4710.0498046875,-0.017685702627116773
111,2011-11-21,-0.025979394207947815,2011-11-22,4794.85009765625,5,2011-11-29,4805.10009765625,0.002137710208085508
112,2011-11-23,-0.022005859963373453,2011-11-25,4731.2998046875,1,2011-11-25,4710.0498046875,-0.0044913661947498795
112,2011-11-23,-0.022005859963373453,2011-11-25,4731.2998046875,3,2011-11-29,4805.10009765625,0.015598312517763668
112,2011-11-23,-0.022005859963373453,2011-11-25,4731.2998046875,5,2011-12-01,4936.85009765625,0.0434447829252127
113,2011-12-08,-0.023495870307348232,2011-12-09,4870.75,1,2011-12-09,4866.7001953125,-0.0008314540240209611
113,2011-12-08,-0.023495870307348232,2011-12-09,4870.75,3,2011-12-13,4800.60009765625,-0.014402279391007577
113,2011-12-08,-0.023495870307348232,2011-12-09,4870.75,5,2011-12-15,4746.35009765625,-0.025540194496484148
114,2011-12-12,-0.02097932758516552,2011-12-13,4733.60009765625,1,2011-12-13,4800.60009765625,0.01415413186956238
114,2011-12-12,-0.02097932758516552,2011-12-13,4733.60009765625,3,2011-12-15,4746.35009765625,0.0026935101692078245
114,2011-12-12,-0.02097932758516552,2011-12-13,4733.60009765625,5,2011-12-19,4613.10009765625,-0.025456311795257758
115,2012-01-30,-0.02255660964501549,2012-01-31,5125.25,1,2012-01-31,5199.25,0.01443832008194712
115,2012-01-30,-0.02255660964501549,2012-01-31,5125.25,3,2012-02-02,5269.89990234375,0.028222994457587358
115,2012-01-30,-0.02255660964501549,2012-01-31,5125.25,5,2012-02-06,5361.64990234375,0.04612456023486655
116,2012-02-27,-0.027277846997348587,2012-02-28,5310.5,1,2012-02-28,5375.5,0.012239902080783294
116,2012-02-27,-0.027277846997348587,2012-02-28,5310.5,3,2012-03-01,5339.75,0.005507955936352449
116,2012-02-27,-0.027277846997348587,2012-02-28,5310.5,5,2012-03-05,5280.35009765625,-0.005677413114348884
117,2012-03-22,-0.025442920256606216,2012-03-23,5255.64990234375,1,2012-03-23,5278.2001953125,0.004290676393549964
117,2012-03-22,-0.025442920256606216,2012-03-23,5255.64990234375,3,2012-03-27,5243.14990234375,-0.002378392821490216
117,2012-03-22,-0.025442920256606216,2012-03-23,5255.64990234375,5,2012-03-29,5178.85009765625,-0.014612808332847949
118,2012-05-08,-0.02233014464024874,2012-05-09,4967.89990234375,1,2012-05-09,4974.7998046875,0.0013888972160036595
118,2012-05-08,-0.02233014464024874,2012-05-09,4967.89990234375,3,2012-05-11,4928.89990234375,-0.007850399719527501
118,2012-05-08,-0.02233014464024874,2012-05-09,4967.89990234375,5,2012-05-15,4942.7998046875,-0.005052456400018945
119,2013-05-23,-0.020912330020920522,2013-05-24,6010.7001953125,1,2013-05-24,5983.5498046875,-0.004517009623300372
119,2013-05-23,-0.020912330020920522,2013-05-24,6010.7001953125,3,2013-05-28,6111.25,0.016728467802455738
119,2013-05-23,-0.020912330020920522,2013-05-24,6010.7001953125,5,2013-05-30,6124.0498046875,0.018857970900527876
120,2013-05-31,-0.022550373328005135,2013-06-03,5997.35009765625,1,2013-06-03,5939.2998046875,-0.0096793237052204
120,2013-05-31,-0.022550373328005135,2013-06-03,5997.35009765625,3,2013-06-05,5923.85009765625,-0.012255412607765526
120,2013-05-31,-0.022550373328005135,2013-06-03,5997.35009765625,5,2013-06-07,5881.0,-0.01940025107117216
121,2013-06-20,-0.028571445344368618,2013-06-21,5639.89990234375,1,2013-06-21,5667.64990234375,0.0049203000905153615
121,2013-06-20,-0.028571445344368618,2013-06-21,5639.89990234375,3,2013-06-25,5609.10009765625,-0.005461055199703191
121,2013-06-20,-0.028571445344368618,2013-06-21,5639.89990234375,5,2013-06-27,5682.35009765625,0.007526763958143778
122,2013-08-06,-0.025178510712102753,2013-08-07,5549.2998046875,1,2013-08-07,5519.10009765625,-0.005442075233661026
122,2013-08-06,-0.025178510712102753,2013-08-07,5549.2998046875,3,2013-08-12,5612.39990234375,0.011370821522915353
122,2013-08-06,-0.025178510712102753,2013-08-07,5549.2998046875,5,2013-08-14,5742.2998046875,0.03477916255974711
123,2013-08-16,-0.04082853821736476,2013-08-19,5497.5498046875,1,2013-08-19,5414.75,-0.015061219566742334
123,2013-08-16,-0.04082853821736476,2013-08-19,5497.5498046875,3,2013-08-21,5302.5498046875,-0.03547034714150887
123,2013-08-16,-0.04082853821736476,2013-08-19,5497.5498046875,5,2013-08-23,5471.75,-0.0046929642484551115
124,2013-08-27,-0.03452018710627225,2013-08-28,5233.4501953125,1,2013-08-28,5285.0,0.00985006119551346
124,2013-08-27,-0.03452018710627225,2013-08-28,5233.4501953125,3,2013-08-30,5471.7998046875,0.04554349434498972
124,2013-08-27,-0.03452018710627225,2013-08-28,5233.4501953125,5,2013-09-03,5341.4501953125,0.0206364818560294
125,2013-09-03,-0.03770658103634639,2013-09-04,5358.64990234375,1,2013-09-04,5448.10009765625,0.016692673890372323
125,2013-09-03,-0.03770658103634639,2013-09-04,5358.64990234375,3,2013-09-06,5680.39990234375,0.06004310896654652
125,2013-09-03,-0.03770658103634639,2013-09-04,5358.64990234375,5,2013-09-11,5913.14990234375,0.10347755686697768
126,2013-09-23,-0.020350642149811637,2013-09-24,5855.0,1,2013-09-24,5892.4501953125,0.006396275885994784
126,2013-09-23,-0.020350642149811637,2013-09-24,5855.0,3,2013-09-26,5882.25,0.004654141759180108
126,2013-09-23,-0.020350642149811637,2013-09-24,5855.0,5,2013-09-30,5735.2998046875,-0.020444098260034127
127,2013-11-21,-0.020227359524339406,2013-11-22,6027.35009765625,1,2013-11-22,5995.4501953125,-0.005292525210399579
127,2013-11-21,-0.020227359524339406,2013-11-22,6027.35009765625,3,2013-11-26,6059.10009765625,0.00526765485421965
127,2013-11-21,-0.020227359524339406,2013-11-22,6027.35009765625,5,2013-11-28,6091.85009765625,0.01070122009754848
128,2014-01-27,-0.020888004522878645,2014-01-28,6131.85009765625,1,2014-01-28,6126.25,-0.0009132802607797474
128,2014-01-27,-0.020888004522878645,2014-01-28,6131.85009765625,3,2014-01-30,6073.7001953125,-0.009483255692433912
128,2014-01-27,-0.020888004522878645,2014-01-28,6131.85009765625,5,2014-02-03,6001.7998046875,-0.021208981122754267
129,2014-07-08,-0.021053878387766067,2014-07-09,7637.9501953125,1,2014-07-09,7585.0,-0.006932513823538211
129,2014-07-08,-0.021053878387766067,2014-07-09,7637.9501953125,3,2014-07-11,7459.60009765625,-0.023350518541703225
129,2014-07-08,-0.021053878387766067,2014-07-09,7637.9501953125,5,2014-07-15,7526.64990234375,-0.014572010830478654
130,2015-01-06,-0.029963988501869876,2015-01-07,8118.64990234375,1,2015-01-07,8102.10009765625,-0.002038492223038535
130,2015-01-06,-0.029963988501869876,2015-01-07,8118.64990234375,3,2015-01-09,8284.5,0.02042828544785147
130,2015-01-06,-0.029963988501869876,2015-01-07,8118.64990234375,5,2015-01-13,8299.400390625,0.022263614080596072
131,2015-03-09,-0.02025118178512486,2015-03-10,8769.75,1,2015-03-10,8712.0498046875,-0.006579457260754262
131,2015-03-09,-0.02025118178512486,2015-03-10,8769.75,3,2015-03-12,8776.0,0.0007126771002594623
131,2015-03-09,-0.02025118178512486,2015-03-10,8769.75,5,2015-03-16,8633.150390625,-0.015576226160951001
132,2015-03-26,-0.022113918786236364,2015-03-27,8396.0,1,2015-03-27,8341.400390625,-0.006503050187589343
132,2015-03-26,-0.022113918786236364,2015-03-27,8396.0,3,2015-03-31,8491.0,0.011314911862791766
132,2015-03-26,-0.022113918786236364,2015-03-27,8396.0,5,2015-04-06,8659.900390625,0.03143168063661261
133,2015-05-06,-0.02736399793773192,2015-05-07,8077.0,1,2015-05-07,8057.2998046875,-0.0024390485715611865
133,2015-05-06,-0.02736399793773192,2015-05-07,8077.0,3,2015-05-11,8325.25,0.0307354215674136
133,2015-05-06,-0.02736399793773192,2015-05-07,8077.0,5,2015-05-13,8235.4501953125,0.019617456396248567
134,2015-05-12,-0.02381908107113906,2015-05-13,8181.5498046875,1,2015-05-13,8235.4501953125,0.006588041619464136
134,2015-05-12,-0.02381908107113906,2015-05-13,8181.5498046875,3,2015-05-15,8262.349609375,0.00987585562838067
134,2015-05-12,-0.02381908107113906,2015-05-13,8181.5498046875,5,2015-05-19,8365.650390625,0.02250192082581015
135,2015-06-02,-0.023353592405198742,2015-06-03,8232.4501953125,1,2015-06-03,8135.10009765625,-0.011825166912237228
135,2015-06-02,-0.023353592405198742,2015-06-03,8232.4501953125,3,2015-06-05,8114.7001953125,-0.01430315364276924
135,2015-06-02,-0.023353592405198742,2015-06-03,8232.4501953125,5,2015-06-09,8022.39990234375,-0.02551491815745832
136,2015-08-24,-0.05915098088055637,2015-08-25,7895.39990234375,1,2015-08-25,7880.7001953125,-0.001861806521907372
136,2015-08-24,-0.05915098088055637,2015-08-25,7895.39990234375,3,2015-08-27,7948.9501953125,0.006782467466005526
136,2015-08-24,-0.05915098088055637,2015-08-25,7895.39990234375,5,2015-08-31,7971.2998046875,0.00961318024198099
137,2015-09-01,-0.023264675971940818,2015-09-02,7856.64990234375,1,2015-09-02,7717.0,-0.01777473911648919
137,2015-09-01,-0.023264675971940818,2015-09-02,7856.64990234375,3,2015-09-04,7655.0498046875,-0.025659804135616304
137,2015-09-01,-0.023264675971940818,2015-09-02,7856.64990234375,5,2015-09-08,7688.25,-0.02143405961025624
138,2015-09-04,-0.021468770971813878,2015-09-07,7685.85009765625,1,2015-09-07,7558.7998046875,-0.016530415159605183
138,2015-09-04,-0.021468770971813878,2015-09-07,7685.85009765625,3,2015-09-09,7818.60009765625,0.017271999624411283
138,2015-09-04,-0.021468770971813878,2015-09-07,7685.85009765625,5,2015-09-11,7789.2998046875,0.013459761212724741
139,2015-09-22,-0.02069675641963653,2015-09-23,7737.35009765625,1,2015-09-23,7845.9501953125,0.01403582573950568
139,2015-09-22,-0.02069675641963653,2015-09-23,7737.35009765625,3,2015-09-28,7795.7001953125,0.0075413542000541955
139,2015-09-22,-0.02069675641963653,2015-09-23,7737.35009765625,5,2015-09-30,7948.89990234375,0.027341376830238184
140,2016-01-07,-0.022309804329221028,2016-01-08,7611.64990234375,1,2016-01-08,7601.35009765625,-0.0013531632194918597
140,2016-01-07,-0.022309804329221028,2016-01-08,7611.64990234375,3,2016-01-12,7510.2998046875,-0.013315128645767449
140,2016-01-07,-0.022309804329221028,2016-01-08,7611.64990234375,5,2016-01-14,7536.7998046875,-0.009833623277024639
141,2016-02-11,-0.03317073758299127,2016-02-12,7023.64990234375,1,2016-02-12,6980.9501953125,-0.0060794184825472275
141,2016-02-11,-0.03317073758299127,2016-02-12,7023.64990234375,3,2016-02-16,7048.25,0.003502466381196001
141,2016-02-11,-0.03317073758299127,2016-02-12,7023.64990234375,5,2016-02-18,7191.75,0.023933439165320092
142,2016-04-05,-0.02005459778469787,2016-04-06,7636.0498046875,1,2016-04-06,7614.35009765625,-0.002841745088923986
142,2016-04-05,-0.02005459778469787,2016-04-06,7636.0498046875,3,2016-04-08,7555.2001953125,-0.010587883977049128
142,2016-04-05,-0.02005459778469787,2016-04-06,7636.0498046875,5,2016-04-12,7708.9501953125,0.00954687207255378
143,2016-06-24,-0.021987932139331257,2016-06-27,8039.35009765625,1,2016-06-27,8094.7001953125,0.0068848970356927275
143,2016-06-24,-0.021987932139331257,2016-06-27,8039.35009765625,3,2016-06-29,8204.0,0.020480499088073145
143,2016-06-24,-0.021987932139331257,2016-06-27,8039.35009765625,5,2016-07-01,8328.349609375,0.035948118717084254
144,2016-11-11,-0.026912611243878892,2016-11-15,8284.849609375,1,2016-11-15,8108.4501953125,-0.021291806415277503
144,2016-11-11,-0.026912611243878892,2016-11-15,8284.849609375,3,2016-11-17,8079.9501953125,-0.024731820578932306
144,2016-11-11,-0.026912611243878892,2016-11-15,8284.849609375,5,2016-11-21,7929.10009765625,-0.04293976698336077
145,2016-11-15,-0.022642577269069153,2016-11-16,8205.650390625,1,2016-11-16,8111.60009765625,-0.011461650020600844
145,2016-11-15,-0.022642577269069153,2016-11-16,8205.650390625,3,2016-11-18,8074.10009765625,-0.01603167167821906
145,2016-11-15,-0.022642577269069153,2016-11-16,8205.650390625,5,2016-11-22,8002.2998046875,-0.024781775515299698
146,2018-02-02,-0.023264327729431322,2018-02-05,10604.2998046875,1,2018-02-05,10666.5498046875,0.005870260285595119
146,2018-02-02,-0.023264327729431322,2018-02-05,10604.2998046875,3,2018-02-07,10476.7001953125,-0.012032817981871502
146,2018-02-02,-0.023264327729431322,2018-02-05,10604.2998046875,5,2018-02-09,10454.9501953125,-0.014083872780452866
147,2018-10-04,-0.023852830796859514,2018-10-05,10514.099609375,1,2018-10-05,10316.4501953125,-0.01879851070521188
147,2018-10-04,-0.023852830796859514,2018-10-05,10514.099609375,3,2018-10-09,10301.0498046875,-0.020263247696220454
147,2018-10-04,-0.023852830796859514,2018-10-05,10514.099609375,5,2018-10-11,10234.650390625,-0.026578521141346845
148,2018-10-05,-0.026681114672028716,2018-10-08,10310.150390625,1,2018-10-08,10348.0498046875,0.0036759322247095216
148,2018-10-05,-0.026681114672028716,2018-10-08,10310.150390625,3,2018-10-10,10460.099609375,0.014543843985665772
148,2018-10-05,-0.026681114672028716,2018-10-08,10310.150390625,5,2018-10-12,10472.5,0.015746580139376354
149,2018-10-11,-0.021553257346415555,2018-10-12,10331.5498046875,1,2018-10-12,10472.5,0.013642696205031113
149,2018-10-11,-0.021553257346415555,2018-10-12,10331.5498046875,3,2018-10-16,10584.75,0.024507474686674913
149,2018-10-11,-0.021553257346415555,2018-10-12,10331.5498046875,5,2018-10-19,10303.5498046875,-0.002710145189185109
150,2019-07-08,-0.02138240331360608,2019-07-09,11531.599609375,1,2019-07-09,11555.900390625,0.0021073209331898823
150,2019-07-08,-0.02138240331360608,2019-07-09,11531.599609375,3,2019-07-11,11582.900390625,0.004448713360485801
150,2019-07-08,-0.02138240331360608,2019-07-09,11531.599609375,5,2019-07-15,11588.349609375,0.004921260009223882
151,2019-09-03,-0.02044311880570615,2019-09-04,10790.400390625,1,2019-09-04,10844.650390625,0.005027616959156989
151,2019-09-03,-0.02044311880570615,2019-09-04,10790.400390625,3,2019-09-06,10946.2001953125,0.01443874175631743
151,2019-09-03,-0.02044311880570615,2019-09-04,10790.400390625,5,2019-09-11,11035.7001953125,0.02273315130183895
152,2020-02-03,-0.021250384719316173,2020-02-04,11786.25,1,2020-02-04,11979.650390625,0.016408984250715797
152,2020-02-03,-0.021250384719316173,2020-02-04,11786.25,3,2020-02-06,12137.9501953125,0.02983987233534835
152,2020-02-03,-0.021250384719316173,2020-02-04,11786.25,5,2020-02-10,12031.5,0.020808145084314278
153,2020-02-24,-0.02081386879900149,2020-02-25,11877.5,1,2020-02-25,11797.900390625,-0.006701714112818391
153,2020-02-24,-0.02081386879900149,2020-02-25,11877.5,3,2020-02-27,11633.2998046875,-0.020559898573984436
153,2020-02-24,-0.02081386879900149,2020-02-25,11877.5,5,2020-03-02,11132.75,-0.06270258892864655
154,2020-02-28,-0.03709607866493836,2020-03-02,11387.349609375,1,2020-03-02,11132.75,-0.02235810949067485
154,2020-02-28,-0.03709607866493836,2020-03-02,11387.349609375,3,2020-03-04,11251.0,-0.011973779154259567
154,2020-02-28,-0.03709607866493836,2020-03-02,11387.349609375,5,2020-03-06,10989.4501953125,-0.03494223218850823
155,2020-03-06,-0.024806975302821943,2020-03-09,10742.0498046875,1,2020-03-09,10451.4501953125,-0.027052528582411806
155,2020-03-06,-0.024806975302821943,2020-03-09,10742.0498046875,3,2020-03-12,9590.150390625,-0.10723273816509826
155,2020-03-06,-0.024806975302821943,2020-03-09,10742.0498046875,5,2020-03-16,9197.400390625,-0.14379466136793206
156,2020-03-09,-0.048956043335951605,2020-03-11,10334.2998046875,1,2020-03-11,10458.400390625,0.012008610963774258
156,2020-03-09,-0.048956043335951605,2020-03-11,10334.2998046875,3,2020-03-13,9955.2001953125,-0.03668362797090963
156,2020-03-09,-0.048956043335951605,2020-03-11,10334.2998046875,5,2020-03-17,8967.0498046875,-0.13230214197771129
157,2020-03-12,-0.08301938801064712,2020-03-13,9107.599609375,1,2020-03-13,9955.2001953125,0.09306520074345537
157,2020-03-12,-0.08301938801064712,2020-03-13,9107.599609375,3,2020-03-17,8967.0498046875,-0.015432145759111338
157,2020-03-12,-0.08301938801064712,2020-03-13,9107.599609375,5,2020-03-19,8263.4501953125,-0.09268626754228038
158,2020-03-16,-0.07612100106679087,2020-03-17,9285.400390625,1,2020-03-17,8967.0498046875,-0.03428506823022115
158,2020-03-16,-0.07612100106679087,2020-03-17,9285.400390625,3,2020-03-19,8263.4501953125,-0.11005989535403471
158,2020-03-16,-0.07612100106679087,2020-03-17,9285.400390625,5,2020-03-23,7610.25,-0.18040690978886753
159,2020-03-17,-0.02504518409052825,2020-03-18,9088.4501953125,1,2020-03-18,8468.7998046875,-0.06817998418966897
159,2020-03-17,-0.02504518409052825,2020-03-18,9088.4501953125,3,2020-03-20,8745.4501953125,-0.037740207915416324
159,2020-03-17,-0.02504518409052825,2020-03-18,9088.4501953125,5,2020-03-24,7801.0498046875,-0.14165235688797584
160,2020-03-18,-0.05556454027271507,2020-03-19,8063.2998046875,1,2020-03-19,8263.4501953125,0.02482239225541938
160,2020-03-18,-0.05556454027271507,2020-03-19,8063.2998046875,3,2020-03-23,7610.25,-0.05618665008885382
160,2020-03-18,-0.05556454027271507,2020-03-19,8063.2998046875,5,2020-03-25,8317.849609375,0.031568937141531084
161,2020-03-19,-0.024247781753128472,2020-03-20,8284.4501953125,1,2020-03-20,8745.4501953125,0.05564642059902081
161,2020-03-19,-0.024247781753128472,2020-03-20,8284.4501953125,3,2020-03-24,7801.0498046875,-0.058350328534598095
161,2020-03-19,-0.024247781753128472,2020-03-20,8284.4501953125,5,2020-03-26,8641.4501953125,0.043092781244794987
162,2020-03-23,-0.12980466070471242,2020-03-24,7848.2998046875,1,2020-03-24,7801.0498046875,-0.006020412213582738
162,2020-03-23,-0.12980466070471242,2020-03-24,7848.2998046875,3,2020-03-26,8641.4501953125,0.10106015447463923
162,2020-03-23,-0.12980466070471242,2020-03-24,7848.2998046875,5,2020-03-30,8281.099609375,0.05514567682914007
163,2020-03-30,-0.04378053643081892,2020-03-31,8529.349609375,1,2020-03-31,8597.75,0.008019414581132756
163,2020-03-30,-0.04378053643081892,2020-03-31,8529.349609375,3,2020-04-03,8083.7998046875,-0.05223725431512105
163,2020-03-30,-0.04378053643081892,2020-03-31,8529.349609375,5,2020-04-08,8748.75,0.02572299186609106
164,2020-04-01,-0.04000467509668226,2020-04-03,8356.5498046875,1,2020-04-03,8083.7998046875,-0.0326390683206369
164,2020-04-01,-0.04000467509668226,2020-04-03,8356.5498046875,3,2020-04-08,8748.75,0.0469332684515924
164,2020-04-01,-0.04000467509668226,2020-04-03,8356.5498046875,5,2020-04-13,8993.849609375,0.07626350821603611
165,2020-04-03,-0.020596574186770744,2020-04-07,8446.2998046875,1,2020-04-07,8792.2001953125,0.040952890451867896
165,2020-04-03,-0.020596574186770744,2020-04-07,8446.2998046875,3,2020-04-09,9111.900390625,0.07880380774171747
165,2020-04-03,-0.020596574186770744,2020-04-07,8446.2998046875,5,2020-04-15,8925.2998046875,0.05671122397693784
166,2020-04-21,-0.030274667144095657,2020-04-22,9026.75,1,2020-04-22,9187.2998046875,0.017786003233445147
166,2020-04-21,-0.030274667144095657,2020-04-22,9026.75,3,2020-04-24,9154.400390625,0.014141345514720127
166,2020-04-21,-0.030274667144095657,2020-04-22,9026.75,5,2020-04-28,9380.900390625,0.0392334329215942
167,2020-05-04,-0.05744483901313502,2020-05-05,9429.400390625,1,2020-05-05,9205.599609375,-0.02373435976613203
167,2020-05-04,-0.05744483901313502,2020-05-05,9429.400390625,3,2020-05-07,9199.0498046875,-0.02442897495014862
167,2020-05-04,-0.05744483901313502,2020-05-05,9429.400390625,5,2020-05-11,9239.2001953125,-0.020170974551213527
168,2020-05-14,-0.025661909373274727,2020-05-15,9182.400390625,1,2020-05-15,9136.849609375,-0.004960661625745044
168,2020-05-14,-0.025661909373274727,2020-05-15,9182.400390625,3,2020-05-19,8879.099609375,-0.0330306639165574
168,2020-05-14,-0.025661909373274727,2020-05-15,9182.400390625,5,2020-05-21,9106.25,-0.00829308104477211
169,2020-05-18,-0.034322509703259896,2020-05-19,8961.7001953125,1,2020-05-19,8879.099609375,-0.009217066420131426
169,2020-05-18,-0.034322509703259896,2020-05-19,8961.7001953125,3,2020-05-21,9106.25,0.016129730021889
169,2020-05-18,-0.034322509703259896,2020-05-19,8961.7001953125,5,2020-05-26,9029.0498046875,0.007515271422517289
170,2020-06-11,-0.021169158460066062,2020-06-12,9544.9501953125,1,2020-06-12,9972.900390625,0.04483524654981075
170,2020-06-11,-0.021169158460066062,2020-06-12,9544.9501953125,3,2020-06-16,9914.0,0.038664403389840674
170,2020-06-11,-0.021169158460066062,2020-06-12,9544.9501953125,5,2020-06-18,10091.650390625,0.05727638008849789
171,2020-08-31,-0.022330747801946216,2020-09-01,11464.2998046875,1,2020-09-01,11470.25,0.0005190195139581633
171,2020-08-31,-0.022330747801946216,2020-09-01,11464.2998046875,3,2020-09-03,11527.4501953125,0.005508438517909164
171,2020-08-31,-0.022330747801946216,2020-09-01,11464.2998046875,5,2020-09-07,11355.0498046875,-0.009529583303057865
172,2020-09-21,-0.02211225483867385,2020-09-22,11301.75,1,2020-09-22,11153.650390625,-0.013104130720906104
172,2020-09-21,-0.02211225483867385,2020-09-22,11301.75,3,2020-09-24,10805.5498046875,-0.04390472230517395
172,2020-09-21,-0.02211225483867385,2020-09-22,11301.75,5,2020-09-28,11227.5498046875,-0.006565372204525799
173,2020-09-24,-0.029312272096516434,2020-09-25,10910.400390625,1,2020-09-25,11050.25,0.012818008905994827
173,2020-09-24,-0.029312272096516434,2020-09-25,10910.400390625,3,2020-09-29,11222.400390625,0.028596567387947802
173,2020-09-24,-0.029312272096516434,2020-09-25,10910.400390625,5,2020-10-01,11416.9501953125,0.04642815905480102
174,2020-10-15,-0.02428360085835335,2020-10-16,11727.400390625,1,2020-10-16,11762.4501953125,0.00298871050019911
174,2020-10-15,-0.02428360085835335,2020-10-16,11727.400390625,3,2020-10-20,11896.7998046875,0.014444754030733087
174,2020-10-15,-0.02428360085835335,2020-10-16,11727.400390625,5,2020-10-22,11896.4501953125,0.014414942703127931
175,2020-12-21,-0.0314049525779333,2020-12-22,13373.650390625,1,2020-12-22,13466.2998046875,0.006927758043342225
175,2020-12-21,-0.0314049525779333,2020-12-22,13373.650390625,3,2020-12-24,13749.25,0.028085047717285816
175,2020-12-21,-0.0314049525779333,2020-12-22,13373.650390625,5,2020-12-29,13932.599609375,0.041794813115634266
176,2021-02-22,-0.020428174591586412,2021-02-23,14782.25,1,2021-02-23,14707.7998046875,-0.005036458949922995
176,2021-02-22,-0.020428174591586412,2021-02-23,14782.25,3,2021-02-25,15097.349609375,0.021316079039050306
176,2021-02-22,-0.020428174591586412,2021-02-23,14782.25,5,2021-03-01,14761.5498046875,-0.001400341308833264
177,2021-02-26,-0.03763569324758598,2021-03-01,14702.5,1,2021-03-01,14761.5498046875,0.0040163104701580465
177,2021-02-26,-0.03763569324758598,2021-03-01,14702.5,3,2021-03-03,15245.599609375,0.0369392694694779
177,2021-02-26,-0.03763569324758598,2021-03-01,14702.5,5,2021-03-05,14938.099609375,0.016024459063084473
178,2021-04-12,-0.03532558930400764,2021-04-13,14364.900390625,1,2021-04-13,14504.7998046875,0.009738975576454534
178,2021-04-12,-0.03532558930400764,2021-04-13,14364.900390625,3,2021-04-16,14617.849609375,0.01760883903623056
178,2021-04-12,-0.03532558930400764,2021-04-13,14364.900390625,5,2021-04-20,14296.400390625,-0.004768567698854698
179,2021-11-26,-0.029071254187753914,2021-11-29,17055.80078125,1,2021-11-29,17053.94921875,-0.00010855910688378767
179,2021-11-26,-0.029071254187753914,2021-11-29,17055.80078125,3,2021-12-01,17166.900390625,0.006513889954503638
179,2021-11-26,-0.029071254187753914,2021-11-29,17055.80078125,5,2021-12-03,17196.69921875,0.00826102739514245
180,2021-12-20,-0.021842546279377872,2021-12-21,16773.150390625,1,2021-12-21,16770.849609375,-0.00013717048952743838
180,2021-12-20,-0.021842546279377872,2021-12-21,16773.150390625,3,2021-12-23,17072.599609375,0.0178528905886024
180,2021-12-20,-0.021842546279377872,2021-12-21,16773.150390625,5,2021-12-27,17086.25,0.018666714486146985
181,2022-01-24,-0.02656790518738339,2022-01-25,17001.55078125,1,2022-01-25,17277.94921875,0.016257248591982743
181,2022-01-24,-0.02656790518738339,2022-01-25,17001.55078125,3,2022-01-28,17101.94921875,0.005905251749782847
181,2022-01-24,-0.02656790518738339,2022-01-25,17001.55078125,5,2022-02-01,17576.849609375,0.033838020750404985
182,2022-02-14,-0.03061622289529342,2022-02-15,16933.25,1,2022-02-15,17352.44921875,0.024755981205616173
182,2022-02-14,-0.03061622289529342,2022-02-15,16933.25,3,2022-02-17,17304.599609375,0.021930202966057966
182,2022-02-14,-0.03061622289529342,2022-02-15,16933.25,5,2022-02-21,17206.650390625,0.016145771817282606
183,2022-02-24,-0.04778103847083648,2022-02-25,16515.650390625,1,2022-02-25,16658.400390625,0.008643316891778774
183,2022-02-24,-0.04778103847083648,2022-02-25,16515.650390625,3,2022-03-02,16605.94921875,0.0054674703078152476
183,2022-02-24,-0.04778103847083648,2022-02-25,16515.650390625,5,2022-03-04,16245.349609375,-0.01636634191551034
184,2022-03-07,-0.02352668473994779,2022-03-08,15747.75,1,2022-03-08,16013.4501953125,0.01687226399406261
184,2022-03-07,-0.02352668473994779,2022-03-08,15747.75,3,2022-03-10,16594.900390625,0.05379501139051612
184,2022-03-07,-0.02352668473994779,2022-03-08,15747.75,5,2022-03-14,16871.30078125,0.07134674993252998
185,2022-05-04,-0.022936183451936376,2022-05-05,16854.75,1,2022-05-05,16682.650390625,-0.010210748268292269
185,2022-05-04,-0.022936183451936376,2022-05-05,16854.75,3,2022-05-09,16301.849609375,-0.03280383219122207
185,2022-05-04,-0.022936183451936376,2022-05-05,16854.75,5,2022-05-11,16167.099609375,-0.04079861111111116
186,2022-05-12,-0.022211752141785834,2022-05-13,15977.0,1,2022-05-13,15782.150390625,-0.012195631806659613
186,2022-05-12,-0.022211752141785834,2022-05-13,15977.0,3,2022-05-17,16259.2998046875,0.01766913717766161
186,2022-05-12,-0.022211752141785834,2022-05-13,15977.0,5,2022-05-19,15809.400390625,-0.010490055040057622
187,2022-05-19,-0.026532725334179386,2022-05-20,16043.7998046875,1,2022-05-20,16266.150390625,0.013858972852088147
187,2022-05-19,-0.026532725334179386,2022-05-20,16043.7998046875,3,2022-05-24,16125.150390625,0.005070531104092391
187,2022-05-19,-0.026532725334179386,2022-05-20,16043.7998046875,5,2022-05-26,16170.150390625,0.007875352938559121
188,2022-06-13,-0.026379749115209128,2022-06-14,15674.25,1,2022-06-14,15732.099609375,0.0036907417819034283
188,2022-06-13,-0.026379749115209128,2022-06-14,15674.25,3,2022-06-16,15360.599609375,-0.020010551740912597
188,2022-06-13,-0.026379749115209128,2022-06-14,15674.25,5,2022-06-20,15350.150390625,-0.020677200464137013
189,2022-06-16,-0.021128447854290244,2022-06-17,15272.650390625,1,2022-06-17,15293.5,0.0013651598669344178
189,2022-06-16,-0.021128447854290244,2022-06-17,15272.650390625,3,2022-06-21,15638.7998046875,0.02397418946270502
189,2022-06-16,-0.021128447854290244,2022-06-17,15272.650390625,5,2022-06-23,15556.650390625,0.018595331703155527
190,2024-01-17,-0.020894393512082443,2024-01-18,21414.19921875,1,2024-01-18,21462.25,0.002243874765484044
190,2024-01-17,-0.020894393512082443,2024-01-18,21414.19921875,3,2024-01-23,21238.80078125,-0.00819075398095781
190,2024-01-17,-0.020894393512082443,2024-01-18,21414.19921875,5,2024-01-25,21352.599609375,-0.002876577767197741
191,2024-06-04,-0.05929359941641077,2024-06-05,22128.349609375,1,2024-06-05,22620.349609375,0.022233922035991283
191,2024-06-04,-0.05929359941641077,2024-06-05,22128.349609375,3,2024-06-07,23290.150390625,0.05250282112127258
191,2024-06-04,-0.05929359941641077,2024-06-05,22128.349609375,5,2024-06-11,23264.849609375,0.051359456085170674
192,2024-08-05,-0.02678645789462286,2024-08-06,24189.849609375,1,2024-08-06,23992.55078125,-0.008156265181927136
192,2024-08-05,-0.02678645789462286,2024-08-06,24189.849609375,3,2024-08-08,24117.0,-0.0030115776059544963
192,2024-08-05,-0.02678645789462286,2024-08-06,24189.849609375,5,2024-08-12,24347.0,0.0064965426888845546
193,2024-10-03,-0.021196375260987388,2024-10-04,25181.900390625,1,2024-10-04,25014.599609375,-0.006643691645777605
193,2024-10-03,-0.021196375260987388,2024-10-04,25181.900390625,3,2024-10-08,25013.150390625,-0.0067012416609678604
193,2024-10-03,-0.021196375260987388,2024-10-04,25181.900390625,5,2024-10-10,24998.44921875,-0.007285040804279275
194,2025-04-07,-0.03243254628305536,2025-04-08,22446.75,1,2025-04-08,22535.849609375,0.003969376830721627
194,2025-04-07,-0.03243254628305536,2025-04-08,22446.75,3,2025-04-11,22828.55078125,0.017009178667290348
194,2025-04-07,-0.03243254628305536,2025-04-08,22446.75,5,2025-04-16,23437.19921875,0.0441243930078965
195,2026-03-13,-0.02064586811222946,2026-03-16,23116.099609375,1,2026-03-16,23408.80078125,0.012662221431001708
195,2026-03-13,-0.02064586811222946,2026-03-16,23116.099609375,3,2026-03-18,23777.80078125,0.028625122016979088
195,2026-03-13,-0.02064586811222946,2026-03-16,23116.099609375,5,2026-03-20,23114.5,-6.919893070334027e-05
196,2026-03-19,-0.03262077926216955,2026-03-20,23110.150390625,1,2026-03-20,23114.5,0.00018821207571040333
196,2026-03-19,-0.03262077926216955,2026-03-20,23110.150390625,3,2026-03-24,22912.400390625,-0.00855684608959617
196,2026-03-19,-0.03262077926216955,2026-03-20,23110.150390625,5,2026-03-27,22819.599609375,-0.01257243143549025
197,2026-03-23,-0.026037751600726855,2026-03-24,22878.44921875,1,2026-03-24,22912.400390625,0.0014839804722068806
197,2026-03-23,-0.026037751600726855,2026-03-24,22878.44921875,3,2026-03-27,22819.599609375,-0.0025722726576576926
197,2026-03-23,-0.026037751600726855,2026-03-24,22878.44921875,5,2026-04-01,22679.400390625,-0.00870027623908487
198,2026-03-27,-0.02088905112938999,2026-03-30,22549.650390625,1,2026-03-30,22331.400390625,-0.009678642294637885
198,2026-03-27,-0.02088905112938999,2026-03-30,22549.650390625,3,2026-04-02,22713.099609375,0.007248414761142019
198,2026-03-27,-0.02088905112938999,2026-03-30,22549.650390625,5,2026-04-07,23123.650390625,0.02545494010136129
199,2026-03-30,-0.02139385559374285,2026-04-01,22899.0,1,2026-04-01,22679.400390625,-0.009589921366653598
199,2026-03-30,-0.02139385559374285,2026-04-01,22899.0,3,2026-04-06,22968.25,0.003024149526180242
199,2026-03-30,-0.02139385559374285,2026-04-01,22899.0,5,2026-04-08,23997.349609375,0.047964959577929234
200,2026-07-08,-0.02117524515827318,2026-07-09,23928.94921875,1,2026-07-09,23962.80078125,0.001414669829023385
200,2026-07-08,-0.02117524515827318,2026-07-09,23928.94921875,3,2026-07-13,24211.0,0.011787010732130065
200,2026-07-08,-0.02117524515827318,2026-07-09,23928.94921875,5,2026-07-15,24078.5,0.0062497847223821346
